food_id,food_name_th,category,category_th,recommended_element,recommended_element_th,taste_profile,recommendation_status,reason_th,source_document_primary,source_page_primary,source_document_secondary,source_page_secondary,principle_source,principle_page,data_note,food_taste_profile
F001,ผักกระโดน,vegetable_herb,ผักพื้นบ้าน/สมุนไพร,earth,ธาตุดิน,ฝาด|หวาน|มัน|เค็ม,recommended,"เอกสารจัดเป็นตัวอย่างผักพื้นบ้าน/สมุนไพรสำหรับผู้ที่มีแนวโน้มธาตุดิน ซึ่งควรเน้นรส ฝาด, หวาน, มัน, เค็ม",อาหารและสมุนไพรตามธาตุเจ้าเรือน.pdf,7,ธาตุเจ้าเรือน1(1).pdf,4-Mar,โหราเวชศาสตร์ทางการแพทย์แผนไทย (ธาตุเจ้าเรือน).pdf,6,ถอดตามหมวดที่เอกสารจัดไว้; taste_profile เป็นรสที่แนะนำประจำธาตุ ไม่ใช่การยืนยันว่าอาหารรายการนี้มีครบทุกรสดังกล่าว,ฝาดอมมัน|เปรี้ยวนิดๆ
F002,กล้วยดิบ,vegetable_herb,ผักพื้นบ้าน/สมุนไพร,earth,ธาตุดิน,ฝาด|หวาน|มัน|เค็ม,recommended,"เอกสารจัดเป็นตัวอย่างผักพื้นบ้าน/สมุนไพรสำหรับผู้ที่มีแนวโน้มธาตุดิน ซึ่งควรเน้นรส ฝาด, หวาน, มัน, เค็ม",อาหารและสมุนไพรตามธาตุเจ้าเรือน.pdf,7,ธาตุเจ้าเรือน1(1).pdf,4-Mar,โหราเวชศาสตร์ทางการแพทย์แผนไทย (ธาตุเจ้าเรือน).pdf,6,ถอดตามหมวดที่เอกสารจัดไว้; taste_profile เป็นรสที่แนะนำประจำธาตุ ไม่ใช่การยืนยันว่าอาหารรายการนี้มีครบทุกรสดังกล่าว,ฝาด
F003,กระถินไทย,vegetable_herb,ผักพื้นบ้าน/สมุนไพร,earth,ธาตุดิน,ฝาด|หวาน|มัน|เค็ม,recommended,"เอกสารจัดเป็นตัวอย่างผักพื้นบ้าน/สมุนไพรสำหรับผู้ที่มีแนวโน้มธาตุดิน ซึ่งควรเน้นรส ฝาด, หวาน, มัน, เค็ม",อาหารและสมุนไพรตามธาตุเจ้าเรือน.pdf,7,ธาตุเจ้าเรือน1(1).pdf,4-Mar,โหราเวชศาสตร์ทางการแพทย์แผนไทย (ธาตุเจ้าเรือน).pdf,6,ถอดตามหมวดที่เอกสารจัดไว้; taste_profile เป็นรสที่แนะนำประจำธาตุ ไม่ใช่การยืนยันว่าอาหารรายการนี้มีครบทุกรสดังกล่าว,มัน|ฝาดเล็กน้อย|และมีความหวานมันอมหวานื่เมล็ดอ่อน
F004,สมอไทย,vegetable_herb,ผักพื้นบ้าน/สมุนไพร,earth,ธาตุดิน,ฝาด|หวาน|มัน|เค็ม,recommended,"เอกสารจัดเป็นตัวอย่างผักพื้นบ้าน/สมุนไพรสำหรับผู้ที่มีแนวโน้มธาตุดิน ซึ่งควรเน้นรส ฝาด, หวาน, มัน, เค็ม",อาหารและสมุนไพรตามธาตุเจ้าเรือน.pdf,7,ธาตุเจ้าเรือน1(1).pdf,4-Mar,โหราเวชศาสตร์ทางการแพทย์แผนไทย (ธาตุเจ้าเรือน).pdf,6,ถอดตามหมวดที่เอกสารจัดไว้; taste_profile เป็นรสที่แนะนำประจำธาตุ ไม่ใช่การยืนยันว่าอาหารรายการนี้มีครบทุกรสดังกล่าว,เปรี้ยว|ฝาด
F005,ยอดมะม่วงหิมพานต์,vegetable_herb,ผักพื้นบ้าน/สมุนไพร,earth,ธาตุดิน,ฝาด|หวาน|มัน|เค็ม,recommended,"เอกสารจัดเป็นตัวอย่างผักพื้นบ้าน/สมุนไพรสำหรับผู้ที่มีแนวโน้มธาตุดิน ซึ่งควรเน้นรส ฝาด, หวาน, มัน, เค็ม",อาหารและสมุนไพรตามธาตุเจ้าเรือน.pdf,7,ธาตุเจ้าเรือน1(1).pdf,4-Mar,โหราเวชศาสตร์ทางการแพทย์แผนไทย (ธาตุเจ้าเรือน).pdf,6,ถอดตามหมวดที่เอกสารจัดไว้; taste_profile เป็นรสที่แนะนำประจำธาตุ ไม่ใช่การยืนยันว่าอาหารรายการนี้มีครบทุกรสดังกล่าว,เปรี้ยว|ฝาด
F006,ยอดมะยม,vegetable_herb,ผักพื้นบ้าน/สมุนไพร,earth,ธาตุดิน,ฝาด|หวาน|มัน|เค็ม,recommended,"เอกสารจัดเป็นตัวอย่างผักพื้นบ้าน/สมุนไพรสำหรับผู้ที่มีแนวโน้มธาตุดิน ซึ่งควรเน้นรส ฝาด, หวาน, มัน, เค็ม",อาหารและสมุนไพรตามธาตุเจ้าเรือน.pdf,7,ธาตุเจ้าเรือน1(1).pdf,4-Mar,โหราเวชศาสตร์ทางการแพทย์แผนไทย (ธาตุเจ้าเรือน).pdf,6,ถอดตามหมวดที่เอกสารจัดไว้; taste_profile เป็นรสที่แนะนำประจำธาตุ ไม่ใช่การยืนยันว่าอาหารรายการนี้มีครบทุกรสดังกล่าว,จืด|มัน|อมเปรี้ยวเล็กน้อย
F007,กระโดนบก,vegetable_herb,ผักพื้นบ้าน/สมุนไพร,earth,ธาตุดิน,ฝาด|หวาน|มัน|เค็ม,recommended,"เอกสารจัดเป็นตัวอย่างผักพื้นบ้าน/สมุนไพรสำหรับผู้ที่มีแนวโน้มธาตุดิน ซึ่งควรเน้นรส ฝาด, หวาน, มัน, เค็ม",อาหารและสมุนไพรตามธาตุเจ้าเรือน.pdf,7,ธาตุเจ้าเรือน1(1).pdf,4-Mar,โหราเวชศาสตร์ทางการแพทย์แผนไทย (ธาตุเจ้าเรือน).pdf,6,ถอดตามหมวดที่เอกสารจัดไว้; taste_profile เป็นรสที่แนะนำประจำธาตุ ไม่ใช่การยืนยันว่าอาหารรายการนี้มีครบทุกรสดังกล่าว,ฝาด
F008,กระโดนน้ำ,vegetable_herb,ผักพื้นบ้าน/สมุนไพร,earth,ธาตุดิน,ฝาด|หวาน|มัน|เค็ม,recommended,"เอกสารจัดเป็นตัวอย่างผักพื้นบ้าน/สมุนไพรสำหรับผู้ที่มีแนวโน้มธาตุดิน ซึ่งควรเน้นรส ฝาด, หวาน, มัน, เค็ม",อาหารและสมุนไพรตามธาตุเจ้าเรือน.pdf,7,ธาตุเจ้าเรือน1(1).pdf,4-Mar,โหราเวชศาสตร์ทางการแพทย์แผนไทย (ธาตุเจ้าเรือน).pdf,6,ถอดตามหมวดที่เอกสารจัดไว้; taste_profile เป็นรสที่แนะนำประจำธาตุ ไม่ใช่การยืนยันว่าอาหารรายการนี้มีครบทุกรสดังกล่าว,ฝาด
F009,ผักหวาน,vegetable_herb,ผักพื้นบ้าน/สมุนไพร,earth,ธาตุดิน,ฝาด|หวาน|มัน|เค็ม,recommended,"เอกสารจัดเป็นตัวอย่างผักพื้นบ้าน/สมุนไพรสำหรับผู้ที่มีแนวโน้มธาตุดิน ซึ่งควรเน้นรส ฝาด, หวาน, มัน, เค็ม",อาหารและสมุนไพรตามธาตุเจ้าเรือน.pdf,7,ธาตุเจ้าเรือน1(1).pdf,4-Mar,โหราเวชศาสตร์ทางการแพทย์แผนไทย (ธาตุเจ้าเรือน).pdf,6,ถอดตามหมวดที่เอกสารจัดไว้; taste_profile เป็นรสที่แนะนำประจำธาตุ ไม่ใช่การยืนยันว่าอาหารรายการนี้มีครบทุกรสดังกล่าว,หวาน
F010,ขนุนอ่อน,vegetable_herb,ผักพื้นบ้าน/สมุนไพร,earth,ธาตุดิน,ฝาด|หวาน|มัน|เค็ม,recommended,"เอกสารจัดเป็นตัวอย่างผักพื้นบ้าน/สมุนไพรสำหรับผู้ที่มีแนวโน้มธาตุดิน ซึ่งควรเน้นรส ฝาด, หวาน, มัน, เค็ม",อาหารและสมุนไพรตามธาตุเจ้าเรือน.pdf,7,ธาตุเจ้าเรือน1(1).pdf,4-Mar,โหราเวชศาสตร์ทางการแพทย์แผนไทย (ธาตุเจ้าเรือน).pdf,6,ถอดตามหมวดที่เอกสารจัดไว้; taste_profile เป็นรสที่แนะนำประจำธาตุ ไม่ใช่การยืนยันว่าอาหารรายการนี้มีครบทุกรสดังกล่าว,จืด|มัน
F011,สะตอ,vegetable_herb,ผักพื้นบ้าน/สมุนไพร,earth,ธาตุดิน,ฝาด|หวาน|มัน|เค็ม,recommended,"เอกสารจัดเป็นตัวอย่างผักพื้นบ้าน/สมุนไพรสำหรับผู้ที่มีแนวโน้มธาตุดิน ซึ่งควรเน้นรส ฝาด, หวาน, มัน, เค็ม",อาหารและสมุนไพรตามธาตุเจ้าเรือน.pdf,7,ธาตุเจ้าเรือน1(1).pdf,4-Mar,โหราเวชศาสตร์ทางการแพทย์แผนไทย (ธาตุเจ้าเรือน).pdf,6,ถอดตามหมวดที่เอกสารจัดไว้; taste_profile เป็นรสที่แนะนำประจำธาตุ ไม่ใช่การยืนยันว่าอาหารรายการนี้มีครบทุกรสดังกล่าว,มัน|อมหวานเล็กน้อย|และมีความเผ็ดร้อน
F012,ผักโขม,vegetable_herb,ผักพื้นบ้าน/สมุนไพร,earth,ธาตุดิน,ฝาด|หวาน|มัน|เค็ม,recommended,"เอกสารจัดเป็นตัวอย่างผักพื้นบ้าน/สมุนไพรสำหรับผู้ที่มีแนวโน้มธาตุดิน ซึ่งควรเน้นรส ฝาด, หวาน, มัน, เค็ม",อาหารและสมุนไพรตามธาตุเจ้าเรือน.pdf,7,ธาตุเจ้าเรือน1(1).pdf,4-Mar,โหราเวชศาสตร์ทางการแพทย์แผนไทย (ธาตุเจ้าเรือน).pdf,6,ถอดตามหมวดที่เอกสารจัดไว้; taste_profile เป็นรสที่แนะนำประจำธาตุ ไม่ใช่การยืนยันว่าอาหารรายการนี้มีครบทุกรสดังกล่าว,จืด|หวานเล็กน้อย
F013,โสน,vegetable_herb,ผักพื้นบ้าน/สมุนไพร,earth,ธาตุดิน,ฝาด|หวาน|มัน|เค็ม,recommended,"เอกสารจัดเป็นตัวอย่างผักพื้นบ้าน/สมุนไพรสำหรับผู้ที่มีแนวโน้มธาตุดิน ซึ่งควรเน้นรส ฝาด, หวาน, มัน, เค็ม",อาหารและสมุนไพรตามธาตุเจ้าเรือน.pdf,7,ธาตุเจ้าเรือน1(1).pdf,4-Mar,โหราเวชศาสตร์ทางการแพทย์แผนไทย (ธาตุเจ้าเรือน).pdf,6,ถอดตามหมวดที่เอกสารจัดไว้; taste_profile เป็นรสที่แนะนำประจำธาตุ ไม่ใช่การยืนยันว่าอาหารรายการนี้มีครบทุกรสดังกล่าว,หวาน|มัน
F014,ขจร,vegetable_herb,ผักพื้นบ้าน/สมุนไพร,earth,ธาตุดิน,ฝาด|หวาน|มัน|เค็ม,recommended,"เอกสารจัดเป็นตัวอย่างผักพื้นบ้าน/สมุนไพรสำหรับผู้ที่มีแนวโน้มธาตุดิน ซึ่งควรเน้นรส ฝาด, หวาน, มัน, เค็ม",อาหารและสมุนไพรตามธาตุเจ้าเรือน.pdf,7,ธาตุเจ้าเรือน1(1).pdf,4-Mar,โหราเวชศาสตร์ทางการแพทย์แผนไทย (ธาตุเจ้าเรือน).pdf,6,ถอดตามหมวดที่เอกสารจัดไว้; taste_profile เป็นรสที่แนะนำประจำธาตุ ไม่ใช่การยืนยันว่าอาหารรายการนี้มีครบทุกรสดังกล่าว,หวาน|ขมเล็กน้อย
F015,ยอดฟักทอง,vegetable_herb,ผักพื้นบ้าน/สมุนไพร,earth,ธาตุดิน,ฝาด|หวาน|มัน|เค็ม,recommended,"เอกสารจัดเป็นตัวอย่างผักพื้นบ้าน/สมุนไพรสำหรับผู้ที่มีแนวโน้มธาตุดิน ซึ่งควรเน้นรส ฝาด, หวาน, มัน, เค็ม",อาหารและสมุนไพรตามธาตุเจ้าเรือน.pdf,7,ธาตุเจ้าเรือน1(1).pdf,4-Mar,โหราเวชศาสตร์ทางการแพทย์แผนไทย (ธาตุเจ้าเรือน).pdf,6,ถอดตามหมวดที่เอกสารจัดไว้; taste_profile เป็นรสที่แนะนำประจำธาตุ ไม่ใช่การยืนยันว่าอาหารรายการนี้มีครบทุกรสดังกล่าว,หวาน|มัน
F016,ลูกเหนียงนก,vegetable_herb,ผักพื้นบ้าน/สมุนไพร,earth,ธาตุดิน,ฝาด|หวาน|มัน|เค็ม,recommended,"เอกสารจัดเป็นตัวอย่างผักพื้นบ้าน/สมุนไพรสำหรับผู้ที่มีแนวโน้มธาตุดิน ซึ่งควรเน้นรส ฝาด, หวาน, มัน, เค็ม",อาหารและสมุนไพรตามธาตุเจ้าเรือน.pdf,7,ธาตุเจ้าเรือน1(1).pdf,4-Mar,โหราเวชศาสตร์ทางการแพทย์แผนไทย (ธาตุเจ้าเรือน).pdf,6,ถอดตามหมวดที่เอกสารจัดไว้; taste_profile เป็นรสที่แนะนำประจำธาตุ ไม่ใช่การยืนยันว่าอาหารรายการนี้มีครบทุกรสดังกล่าว,มัน|อมหวานเล็กน้อย
F017,บวบเหลี่ยม,vegetable_herb,ผักพื้นบ้าน/สมุนไพร,earth,ธาตุดิน,ฝาด|หวาน|มัน|เค็ม,recommended,"เอกสารจัดเป็นตัวอย่างผักพื้นบ้าน/สมุนไพรสำหรับผู้ที่มีแนวโน้มธาตุดิน ซึ่งควรเน้นรส ฝาด, หวาน, มัน, เค็ม",อาหารและสมุนไพรตามธาตุเจ้าเรือน.pdf,7,ธาตุเจ้าเรือน1(1).pdf,4-Mar,โหราเวชศาสตร์ทางการแพทย์แผนไทย (ธาตุเจ้าเรือน).pdf,6,ถอดตามหมวดที่เอกสารจัดไว้; taste_profile เป็นรสที่แนะนำประจำธาตุ ไม่ใช่การยืนยันว่าอาหารรายการนี้มีครบทุกรสดังกล่าว,หวานเล็กน้อย|จืด
F018,บวบงู,vegetable_herb,ผักพื้นบ้าน/สมุนไพร,earth,ธาตุดิน,ฝาด|หวาน|มัน|เค็ม,recommended,"เอกสารจัดเป็นตัวอย่างผักพื้นบ้าน/สมุนไพรสำหรับผู้ที่มีแนวโน้มธาตุดิน ซึ่งควรเน้นรส ฝาด, หวาน, มัน, เค็ม",อาหารและสมุนไพรตามธาตุเจ้าเรือน.pdf,7,ธาตุเจ้าเรือน1(1).pdf,4-Mar,โหราเวชศาสตร์ทางการแพทย์แผนไทย (ธาตุเจ้าเรือน).pdf,6,ถอดตามหมวดที่เอกสารจัดไว้; taste_profile เป็นรสที่แนะนำประจำธาตุ ไม่ใช่การยืนยันว่าอาหารรายการนี้มีครบทุกรสดังกล่าว,หวานธรรมชาติ|จืดมัน
F019,บวบหอม,vegetable_herb,ผักพื้นบ้าน/สมุนไพร,earth,ธาตุดิน,ฝาด|หวาน|มัน|เค็ม,recommended,"เอกสารจัดเป็นตัวอย่างผักพื้นบ้าน/สมุนไพรสำหรับผู้ที่มีแนวโน้มธาตุดิน ซึ่งควรเน้นรส ฝาด, หวาน, มัน, เค็ม",อาหารและสมุนไพรตามธาตุเจ้าเรือน.pdf,7,ธาตุเจ้าเรือน1(1).pdf,4-Mar,โหราเวชศาสตร์ทางการแพทย์แผนไทย (ธาตุเจ้าเรือน).pdf,6,ถอดตามหมวดที่เอกสารจัดไว้; taste_profile เป็นรสที่แนะนำประจำธาตุ ไม่ใช่การยืนยันว่าอาหารรายการนี้มีครบทุกรสดังกล่าว,หวานเล็กน้อย|จืด
F020,มังคุด,fruit,ผลไม้,earth,ธาตุดิน,ฝาด|หวาน|มัน|เค็ม,recommended,"เอกสารจัดเป็นตัวอย่างผลไม้สำหรับผู้ที่มีแนวโน้มธาตุดิน ซึ่งควรเน้นรส ฝาด, หวาน, มัน, เค็ม",อาหารและสมุนไพรตามธาตุเจ้าเรือน.pdf,7,ธาตุเจ้าเรือน1(1).pdf,4-Mar,โหราเวชศาสตร์ทางการแพทย์แผนไทย (ธาตุเจ้าเรือน).pdf,6,ถอดตามหมวดที่เอกสารจัดไว้; taste_profile เป็นรสที่แนะนำประจำธาตุ ไม่ใช่การยืนยันว่าอาหารรายการนี้มีครบทุกรสดังกล่าว,หวาน|อมเปรี้ยวเล็กน้อย
F021,ฝรั่ง,fruit,ผลไม้,earth,ธาตุดิน,ฝาด|หวาน|มัน|เค็ม,recommended,"เอกสารจัดเป็นตัวอย่างผลไม้สำหรับผู้ที่มีแนวโน้มธาตุดิน ซึ่งควรเน้นรส ฝาด, หวาน, มัน, เค็ม",อาหารและสมุนไพรตามธาตุเจ้าเรือน.pdf,7,ธาตุเจ้าเรือน1(1).pdf,4-Mar,โหราเวชศาสตร์ทางการแพทย์แผนไทย (ธาตุเจ้าเรือน).pdf,6,ถอดตามหมวดที่เอกสารจัดไว้; taste_profile เป็นรสที่แนะนำประจำธาตุ ไม่ใช่การยืนยันว่าอาหารรายการนี้มีครบทุกรสดังกล่าว,หวาาน|อมเปรี้ยวเล็กน้อย
F022,ฟักทอง,fruit,ผลไม้,earth,ธาตุดิน,ฝาด|หวาน|มัน|เค็ม,recommended,"เอกสารจัดเป็นตัวอย่างผลไม้สำหรับผู้ที่มีแนวโน้มธาตุดิน ซึ่งควรเน้นรส ฝาด, หวาน, มัน, เค็ม",อาหารและสมุนไพรตามธาตุเจ้าเรือน.pdf,7,ธาตุเจ้าเรือน1(1).pdf,4-Mar,โหราเวชศาสตร์ทางการแพทย์แผนไทย (ธาตุเจ้าเรือน).pdf,6,ถอดตามหมวดที่เอกสารจัดไว้; taste_profile เป็นรสที่แนะนำประจำธาตุ ไม่ใช่การยืนยันว่าอาหารรายการนี้มีครบทุกรสดังกล่าว,หวาน|มัน
F023,เงาะ,fruit,ผลไม้,earth,ธาตุดิน,ฝาด|หวาน|มัน|เค็ม,recommended,"เอกสารจัดเป็นตัวอย่างผลไม้สำหรับผู้ที่มีแนวโน้มธาตุดิน ซึ่งควรเน้นรส ฝาด, หวาน, มัน, เค็ม",อาหารและสมุนไพรตามธาตุเจ้าเรือน.pdf,7,ธาตุเจ้าเรือน1(1).pdf,4-Mar,โหราเวชศาสตร์ทางการแพทย์แผนไทย (ธาตุเจ้าเรือน).pdf,6,ถอดตามหมวดที่เอกสารจัดไว้; taste_profile เป็นรสที่แนะนำประจำธาตุ ไม่ใช่การยืนยันว่าอาหารรายการนี้มีครบทุกรสดังกล่าว,หวาน
F024,เผือก,fruit,ผลไม้,earth,ธาตุดิน,ฝาด|หวาน|มัน|เค็ม,recommended,"เอกสารจัดเป็นตัวอย่างผลไม้สำหรับผู้ที่มีแนวโน้มธาตุดิน ซึ่งควรเน้นรส ฝาด, หวาน, มัน, เค็ม",อาหารและสมุนไพรตามธาตุเจ้าเรือน.pdf,7,ธาตุเจ้าเรือน1(1).pdf,4-Mar,โหราเวชศาสตร์ทางการแพทย์แผนไทย (ธาตุเจ้าเรือน).pdf,6,ถอดตามหมวดที่เอกสารจัดไว้; taste_profile เป็นรสที่แนะนำประจำธาตุ ไม่ใช่การยืนยันว่าอาหารรายการนี้มีครบทุกรสดังกล่าว,มัน|หวานเล็กน้อย
F025,ถั่วต่าง ๆ,fruit,ผลไม้,earth,ธาตุดิน,ฝาด|หวาน|มัน|เค็ม,recommended,"เอกสารจัดเป็นตัวอย่างผลไม้สำหรับผู้ที่มีแนวโน้มธาตุดิน ซึ่งควรเน้นรส ฝาด, หวาน, มัน, เค็ม",อาหารและสมุนไพรตามธาตุเจ้าเรือน.pdf,7,ธาตุเจ้าเรือน1(1).pdf,4-Mar,โหราเวชศาสตร์ทางการแพทย์แผนไทย (ธาตุเจ้าเรือน).pdf,6,ถอดตามหมวดที่เอกสารจัดไว้; taste_profile เป็นรสที่แนะนำประจำธาตุ ไม่ใช่การยืนยันว่าอาหารรายการนี้มีครบทุกรสดังกล่าว,มัน
F026,หัวมันเทศ,fruit,ผลไม้,earth,ธาตุดิน,ฝาด|หวาน|มัน|เค็ม,recommended,"เอกสารจัดเป็นตัวอย่างผลไม้สำหรับผู้ที่มีแนวโน้มธาตุดิน ซึ่งควรเน้นรส ฝาด, หวาน, มัน, เค็ม",อาหารและสมุนไพรตามธาตุเจ้าเรือน.pdf,7,ธาตุเจ้าเรือน1(1).pdf,4-Mar,โหราเวชศาสตร์ทางการแพทย์แผนไทย (ธาตุเจ้าเรือน).pdf,6,ถอดตามหมวดที่เอกสารจัดไว้; taste_profile เป็นรสที่แนะนำประจำธาตุ ไม่ใช่การยืนยันว่าอาหารรายการนี้มีครบทุกรสดังกล่าว,หวาน|มัน
F027,ผักกูดผัดน้ำมันงา,menu,เมนูอาหาร,earth,ธาตุดิน,ฝาด|หวาน|มัน|เค็ม,recommended,"เอกสารจัดเป็นตัวอย่างเมนูอาหารสำหรับผู้ที่มีแนวโน้มธาตุดิน ซึ่งควรเน้นรส ฝาด, หวาน, มัน, เค็ม",อาหารและสมุนไพรตามธาตุเจ้าเรือน.pdf,7,ธาตุเจ้าเรือน1(1).pdf,4-Mar,โหราเวชศาสตร์ทางการแพทย์แผนไทย (ธาตุเจ้าเรือน).pdf,6,ถอดตามหมวดที่เอกสารจัดไว้; taste_profile เป็นรสที่แนะนำประจำธาตุ ไม่ใช่การยืนยันว่าอาหารรายการนี้มีครบทุกรสดังกล่าว,หวานอมจืดแบบธรรมชาติ|เค็มอ่อนๆ
F028,แกงป่า,menu,เมนูอาหาร,earth,ธาตุดิน,ฝาด|หวาน|มัน|เค็ม,recommended,"เอกสารจัดเป็นตัวอย่างเมนูอาหารสำหรับผู้ที่มีแนวโน้มธาตุดิน ซึ่งควรเน้นรส ฝาด, หวาน, มัน, เค็ม",อาหารและสมุนไพรตามธาตุเจ้าเรือน.pdf,7,ธาตุเจ้าเรือน1(1).pdf,4-Mar,โหราเวชศาสตร์ทางการแพทย์แผนไทย (ธาตุเจ้าเรือน).pdf,6,ถอดตามหมวดที่เอกสารจัดไว้; taste_profile เป็นรสที่แนะนำประจำธาตุ ไม่ใช่การยืนยันว่าอาหารรายการนี้มีครบทุกรสดังกล่าว,เผ็ดจัดจ้าน|เค็มกลมกล่อม
F029,ดอกงิ้วทอดไข่,menu,เมนูอาหาร,earth,ธาตุดิน,ฝาด|หวาน|มัน|เค็ม,recommended,"เอกสารจัดเป็นตัวอย่างเมนูอาหารสำหรับผู้ที่มีแนวโน้มธาตุดิน ซึ่งควรเน้นรส ฝาด, หวาน, มัน, เค็ม",อาหารและสมุนไพรตามธาตุเจ้าเรือน.pdf,7,ธาตุเจ้าเรือน1(1).pdf,4-Mar,โหราเวชศาสตร์ทางการแพทย์แผนไทย (ธาตุเจ้าเรือน).pdf,6,ถอดตามหมวดที่เอกสารจัดไว้; taste_profile เป็นรสที่แนะนำประจำธาตุ ไม่ใช่การยืนยันว่าอาหารรายการนี้มีครบทุกรสดังกล่าว,มันนัวกลมกล่อม
F030,กล้วยดิบ,menu,เมนูอาหาร,earth,ธาตุดิน,ฝาด|หวาน|มัน|เค็ม,recommended,"เอกสารจัดเป็นตัวอย่างเมนูอาหารสำหรับผู้ที่มีแนวโน้มธาตุดิน ซึ่งควรเน้นรส ฝาด, หวาน, มัน, เค็ม",อาหารและสมุนไพรตามธาตุเจ้าเรือน.pdf,7,ธาตุเจ้าเรือน1(1).pdf,4-Mar,โหราเวชศาสตร์ทางการแพทย์แผนไทย (ธาตุเจ้าเรือน).pdf,6,ถอดตามหมวดที่เอกสารจัดไว้; taste_profile เป็นรสที่แนะนำประจำธาตุ ไม่ใช่การยืนยันว่าอาหารรายการนี้มีครบทุกรสดังกล่าว,ฝาดจัด|มัน
F031,คั่วขนุน,menu,เมนูอาหาร,earth,ธาตุดิน,ฝาด|หวาน|มัน|เค็ม,recommended,"เอกสารจัดเป็นตัวอย่างเมนูอาหารสำหรับผู้ที่มีแนวโน้มธาตุดิน ซึ่งควรเน้นรส ฝาด, หวาน, มัน, เค็ม",อาหารและสมุนไพรตามธาตุเจ้าเรือน.pdf,7,ธาตุเจ้าเรือน1(1).pdf,4-Mar,โหราเวชศาสตร์ทางการแพทย์แผนไทย (ธาตุเจ้าเรือน).pdf,6,ถอดตามหมวดที่เอกสารจัดไว้; taste_profile เป็นรสที่แนะนำประจำธาตุ ไม่ใช่การยืนยันว่าอาหารรายการนี้มีครบทุกรสดังกล่าว,เค็ม|มัน|เผ็ดกลมกล่อม|อมเปรี้ยวเล็กน้อย
F032,สะตอผัดกุ้ง,menu,เมนูอาหาร,earth,ธาตุดิน,ฝาด|หวาน|มัน|เค็ม,recommended,"เอกสารจัดเป็นตัวอย่างเมนูอาหารสำหรับผู้ที่มีแนวโน้มธาตุดิน ซึ่งควรเน้นรส ฝาด, หวาน, มัน, เค็ม",อาหารและสมุนไพรตามธาตุเจ้าเรือน.pdf,7,ธาตุเจ้าเรือน1(1).pdf,4-Mar,โหราเวชศาสตร์ทางการแพทย์แผนไทย (ธาตุเจ้าเรือน).pdf,6,ถอดตามหมวดที่เอกสารจัดไว้; taste_profile เป็นรสที่แนะนำประจำธาตุ ไม่ใช่การยืนยันว่าอาหารรายการนี้มีครบทุกรสดังกล่าว,เค็ม|อมหวาน|กลมกล่อม|เผ็ดจัดจ้าน|หอมนัว
F033,สมอไทยผัดน้ำมันหอย,menu,เมนูอาหาร,earth,ธาตุดิน,ฝาด|หวาน|มัน|เค็ม,recommended,"เอกสารจัดเป็นตัวอย่างเมนูอาหารสำหรับผู้ที่มีแนวโน้มธาตุดิน ซึ่งควรเน้นรส ฝาด, หวาน, มัน, เค็ม",อาหารและสมุนไพรตามธาตุเจ้าเรือน.pdf,7,ธาตุเจ้าเรือน1(1).pdf,4-Mar,โหราเวชศาสตร์ทางการแพทย์แผนไทย (ธาตุเจ้าเรือน).pdf,6,ถอดตามหมวดที่เอกสารจัดไว้; taste_profile เป็นรสที่แนะนำประจำธาตุ ไม่ใช่การยืนยันว่าอาหารรายการนี้มีครบทุกรสดังกล่าว,เค็ม|หวาน|เปรี้ยวอมฝาด
F034,เต้าส่วน,snack,อาหารว่าง,earth,ธาตุดิน,ฝาด|หวาน|มัน|เค็ม,recommended,"เอกสารจัดเป็นตัวอย่างอาหารว่างสำหรับผู้ที่มีแนวโน้มธาตุดิน ซึ่งควรเน้นรส ฝาด, หวาน, มัน, เค็ม",อาหารและสมุนไพรตามธาตุเจ้าเรือน.pdf,7,ธาตุเจ้าเรือน1(1).pdf,4-Mar,โหราเวชศาสตร์ทางการแพทย์แผนไทย (ธาตุเจ้าเรือน).pdf,6,ถอดตามหมวดที่เอกสารจัดไว้; taste_profile เป็นรสที่แนะนำประจำธาตุ ไม่ใช่การยืนยันว่าอาหารรายการนี้มีครบทุกรสดังกล่าว,หวาน|มัน
F035,วุ้นกะทิ,snack,อาหารว่าง,earth,ธาตุดิน,ฝาด|หวาน|มัน|เค็ม,recommended,"เอกสารจัดเป็นตัวอย่างอาหารว่างสำหรับผู้ที่มีแนวโน้มธาตุดิน ซึ่งควรเน้นรส ฝาด, หวาน, มัน, เค็ม",อาหารและสมุนไพรตามธาตุเจ้าเรือน.pdf,7,ธาตุเจ้าเรือน1(1).pdf,4-Mar,โหราเวชศาสตร์ทางการแพทย์แผนไทย (ธาตุเจ้าเรือน).pdf,6,ถอดตามหมวดที่เอกสารจัดไว้; taste_profile เป็นรสที่แนะนำประจำธาตุ ไม่ใช่การยืนยันว่าอาหารรายการนี้มีครบทุกรสดังกล่าว,หวาน|มัน
F036,กล้วยบวชชี,snack,อาหารว่าง,earth,ธาตุดิน,ฝาด|หวาน|มัน|เค็ม,recommended,"เอกสารจัดเป็นตัวอย่างอาหารว่างสำหรับผู้ที่มีแนวโน้มธาตุดิน ซึ่งควรเน้นรส ฝาด, หวาน, มัน, เค็ม",อาหารและสมุนไพรตามธาตุเจ้าเรือน.pdf,7,ธาตุเจ้าเรือน1(1).pdf,4-Mar,โหราเวชศาสตร์ทางการแพทย์แผนไทย (ธาตุเจ้าเรือน).pdf,6,ถอดตามหมวดที่เอกสารจัดไว้; taste_profile เป็นรสที่แนะนำประจำธาตุ ไม่ใช่การยืนยันว่าอาหารรายการนี้มีครบทุกรสดังกล่าว,หวาน|มัน
F037,แกงบวดฟักทอง,snack,อาหารว่าง,earth,ธาตุดิน,ฝาด|หวาน|มัน|เค็ม,recommended,"เอกสารจัดเป็นตัวอย่างอาหารว่างสำหรับผู้ที่มีแนวโน้มธาตุดิน ซึ่งควรเน้นรส ฝาด, หวาน, มัน, เค็ม",อาหารและสมุนไพรตามธาตุเจ้าเรือน.pdf,7,ธาตุเจ้าเรือน1(1).pdf,4-Mar,โหราเวชศาสตร์ทางการแพทย์แผนไทย (ธาตุเจ้าเรือน).pdf,6,ถอดตามหมวดที่เอกสารจัดไว้; taste_profile เป็นรสที่แนะนำประจำธาตุ ไม่ใช่การยืนยันว่าอาหารรายการนี้มีครบทุกรสดังกล่าว,หวาน|มัน
F038,ตะโกเผือก,snack,อาหารว่าง,earth,ธาตุดิน,ฝาด|หวาน|มัน|เค็ม,recommended,"เอกสารจัดเป็นตัวอย่างอาหารว่างสำหรับผู้ที่มีแนวโน้มธาตุดิน ซึ่งควรเน้นรส ฝาด, หวาน, มัน, เค็ม",อาหารและสมุนไพรตามธาตุเจ้าเรือน.pdf,7,ธาตุเจ้าเรือน1(1).pdf,4-Mar,โหราเวชศาสตร์ทางการแพทย์แผนไทย (ธาตุเจ้าเรือน).pdf,6,ถอดตามหมวดที่เอกสารจัดไว้; taste_profile เป็นรสที่แนะนำประจำธาตุ ไม่ใช่การยืนยันว่าอาหารรายการนี้มีครบทุกรสดังกล่าว,หวาน|มัน
F039,น้ำอ้อย,drink,เครื่องดื่ม,earth,ธาตุดิน,ฝาด|หวาน|มัน|เค็ม,recommended,"เอกสารจัดเป็นตัวอย่างเครื่องดื่มสำหรับผู้ที่มีแนวโน้มธาตุดิน ซึ่งควรเน้นรส ฝาด, หวาน, มัน, เค็ม",อาหารและสมุนไพรตามธาตุเจ้าเรือน.pdf,7,ธาตุเจ้าเรือน1(1).pdf,4-Mar,โหราเวชศาสตร์ทางการแพทย์แผนไทย (ธาตุเจ้าเรือน).pdf,6,ถอดตามหมวดที่เอกสารจัดไว้; taste_profile เป็นรสที่แนะนำประจำธาตุ ไม่ใช่การยืนยันว่าอาหารรายการนี้มีครบทุกรสดังกล่าว,หวาน
F040,น้ำมะพร้าว,drink,เครื่องดื่ม,earth,ธาตุดิน,ฝาด|หวาน|มัน|เค็ม,recommended,"เอกสารจัดเป็นตัวอย่างเครื่องดื่มสำหรับผู้ที่มีแนวโน้มธาตุดิน ซึ่งควรเน้นรส ฝาด, หวาน, มัน, เค็ม",อาหารและสมุนไพรตามธาตุเจ้าเรือน.pdf,7,ธาตุเจ้าเรือน1(1).pdf,4-Mar,โหราเวชศาสตร์ทางการแพทย์แผนไทย (ธาตุเจ้าเรือน).pdf,6,ถอดตามหมวดที่เอกสารจัดไว้; taste_profile เป็นรสที่แนะนำประจำธาตุ ไม่ใช่การยืนยันว่าอาหารรายการนี้มีครบทุกรสดังกล่าว,หวานเล็กน้อย
F041,น้ำตาลสด,drink,เครื่องดื่ม,earth,ธาตุดิน,ฝาด|หวาน|มัน|เค็ม,recommended,"เอกสารจัดเป็นตัวอย่างเครื่องดื่มสำหรับผู้ที่มีแนวโน้มธาตุดิน ซึ่งควรเน้นรส ฝาด, หวาน, มัน, เค็ม",อาหารและสมุนไพรตามธาตุเจ้าเรือน.pdf,7,ธาตุเจ้าเรือน1(1).pdf,4-Mar,โหราเวชศาสตร์ทางการแพทย์แผนไทย (ธาตุเจ้าเรือน).pdf,6,ถอดตามหมวดที่เอกสารจัดไว้; taste_profile เป็นรสที่แนะนำประจำธาตุ ไม่ใช่การยืนยันว่าอาหารรายการนี้มีครบทุกรสดังกล่าว,หวาน
F042,น้ำมะตูม,drink,เครื่องดื่ม,earth,ธาตุดิน,ฝาด|หวาน|มัน|เค็ม,recommended,"เอกสารจัดเป็นตัวอย่างเครื่องดื่มสำหรับผู้ที่มีแนวโน้มธาตุดิน ซึ่งควรเน้นรส ฝาด, หวาน, มัน, เค็ม",อาหารและสมุนไพรตามธาตุเจ้าเรือน.pdf,7,ธาตุเจ้าเรือน1(1).pdf,4-Mar,โหราเวชศาสตร์ทางการแพทย์แผนไทย (ธาตุเจ้าเรือน).pdf,6,ถอดตามหมวดที่เอกสารจัดไว้; taste_profile เป็นรสที่แนะนำประจำธาตุ ไม่ใช่การยืนยันว่าอาหารรายการนี้มีครบทุกรสดังกล่าว,หวาน
F043,นมถั่วเหลือง,drink,เครื่องดื่ม,earth,ธาตุดิน,ฝาด|หวาน|มัน|เค็ม,recommended,"เอกสารจัดเป็นตัวอย่างเครื่องดื่มสำหรับผู้ที่มีแนวโน้มธาตุดิน ซึ่งควรเน้นรส ฝาด, หวาน, มัน, เค็ม",อาหารและสมุนไพรตามธาตุเจ้าเรือน.pdf,7,ธาตุเจ้าเรือน1(1).pdf,4-Mar,โหราเวชศาสตร์ทางการแพทย์แผนไทย (ธาตุเจ้าเรือน).pdf,6,ถอดตามหมวดที่เอกสารจัดไว้; taste_profile เป็นรสที่แนะนำประจำธาตุ ไม่ใช่การยืนยันว่าอาหารรายการนี้มีครบทุกรสดังกล่าว,มันนัวกลมกล่อม
F044,น้ำแคนตาลูป,drink,เครื่องดื่ม,earth,ธาตุดิน,ฝาด|หวาน|มัน|เค็ม,recommended,"เอกสารจัดเป็นตัวอย่างเครื่องดื่มสำหรับผู้ที่มีแนวโน้มธาตุดิน ซึ่งควรเน้นรส ฝาด, หวาน, มัน, เค็ม",อาหารและสมุนไพรตามธาตุเจ้าเรือน.pdf,7,ธาตุเจ้าเรือน1(1).pdf,4-Mar,โหราเวชศาสตร์ทางการแพทย์แผนไทย (ธาตุเจ้าเรือน).pdf,6,ถอดตามหมวดที่เอกสารจัดไว้; taste_profile เป็นรสที่แนะนำประจำธาตุ ไม่ใช่การยืนยันว่าอาหารรายการนี้มีครบทุกรสดังกล่าว,หวานละมุน
F045,น้ำส้ม,drink,เครื่องดื่ม,earth,ธาตุดิน,ฝาด|หวาน|มัน|เค็ม,recommended,"เอกสารจัดเป็นตัวอย่างเครื่องดื่มสำหรับผู้ที่มีแนวโน้มธาตุดิน ซึ่งควรเน้นรส ฝาด, หวาน, มัน, เค็ม",อาหารและสมุนไพรตามธาตุเจ้าเรือน.pdf,7,ธาตุเจ้าเรือน1(1).pdf,4-Mar,โหราเวชศาสตร์ทางการแพทย์แผนไทย (ธาตุเจ้าเรือน).pdf,6,ถอดตามหมวดที่เอกสารจัดไว้; taste_profile เป็นรสที่แนะนำประจำธาตุ ไม่ใช่การยืนยันว่าอาหารรายการนี้มีครบทุกรสดังกล่าว,เปรี้ยว|หวาน
F046,น้ำฝรั่ง,drink,เครื่องดื่ม,earth,ธาตุดิน,ฝาด|หวาน|มัน|เค็ม,recommended,"เอกสารจัดเป็นตัวอย่างเครื่องดื่มสำหรับผู้ที่มีแนวโน้มธาตุดิน ซึ่งควรเน้นรส ฝาด, หวาน, มัน, เค็ม",อาหารและสมุนไพรตามธาตุเจ้าเรือน.pdf,7,ธาตุเจ้าเรือน1(1).pdf,4-Mar,โหราเวชศาสตร์ทางการแพทย์แผนไทย (ธาตุเจ้าเรือน).pdf,6,ถอดตามหมวดที่เอกสารจัดไว้; taste_profile เป็นรสที่แนะนำประจำธาตุ ไม่ใช่การยืนยันว่าอาหารรายการนี้มีครบทุกรสดังกล่าว,หวาน|อมเปรี้ยว
F047,น้ำลูกเดือย,drink,เครื่องดื่ม,earth,ธาตุดิน,ฝาด|หวาน|มัน|เค็ม,recommended,"เอกสารจัดเป็นตัวอย่างเครื่องดื่มสำหรับผู้ที่มีแนวโน้มธาตุดิน ซึ่งควรเน้นรส ฝาด, หวาน, มัน, เค็ม",อาหารและสมุนไพรตามธาตุเจ้าเรือน.pdf,7,ธาตุเจ้าเรือน1(1).pdf,4-Mar,โหราเวชศาสตร์ทางการแพทย์แผนไทย (ธาตุเจ้าเรือน).pdf,6,ถอดตามหมวดที่เอกสารจัดไว้; taste_profile เป็นรสที่แนะนำประจำธาตุ ไม่ใช่การยืนยันว่าอาหารรายการนี้มีครบทุกรสดังกล่าว,มัน|จืด
F048,น้ำข้าวโพด,drink,เครื่องดื่ม,earth,ธาตุดิน,ฝาด|หวาน|มัน|เค็ม,recommended,"เอกสารจัดเป็นตัวอย่างเครื่องดื่มสำหรับผู้ที่มีแนวโน้มธาตุดิน ซึ่งควรเน้นรส ฝาด, หวาน, มัน, เค็ม",อาหารและสมุนไพรตามธาตุเจ้าเรือน.pdf,7,ธาตุเจ้าเรือน1(1).pdf,4-Mar,โหราเวชศาสตร์ทางการแพทย์แผนไทย (ธาตุเจ้าเรือน).pdf,6,ถอดตามหมวดที่เอกสารจัดไว้; taste_profile เป็นรสที่แนะนำประจำธาตุ ไม่ใช่การยืนยันว่าอาหารรายการนี้มีครบทุกรสดังกล่าว,หวาน|มันนัว
F049,น้ำแห้ว,drink,เครื่องดื่ม,earth,ธาตุดิน,ฝาด|หวาน|มัน|เค็ม,recommended,"เอกสารจัดเป็นตัวอย่างเครื่องดื่มสำหรับผู้ที่มีแนวโน้มธาตุดิน ซึ่งควรเน้นรส ฝาด, หวาน, มัน, เค็ม",อาหารและสมุนไพรตามธาตุเจ้าเรือน.pdf,7,ธาตุเจ้าเรือน1(1).pdf,4-Mar,โหราเวชศาสตร์ทางการแพทย์แผนไทย (ธาตุเจ้าเรือน).pdf,6,ถอดตามหมวดที่เอกสารจัดไว้; taste_profile เป็นรสที่แนะนำประจำธาตุ ไม่ใช่การยืนยันว่าอาหารรายการนี้มีครบทุกรสดังกล่าว,หวานละมุน
F050,น้ำฟักทอง,drink,เครื่องดื่ม,earth,ธาตุดิน,ฝาด|หวาน|มัน|เค็ม,recommended,"เอกสารจัดเป็นตัวอย่างเครื่องดื่มสำหรับผู้ที่มีแนวโน้มธาตุดิน ซึ่งควรเน้นรส ฝาด, หวาน, มัน, เค็ม",อาหารและสมุนไพรตามธาตุเจ้าเรือน.pdf,7,ธาตุเจ้าเรือน1(1).pdf,4-Mar,โหราเวชศาสตร์ทางการแพทย์แผนไทย (ธาตุเจ้าเรือน).pdf,6,ถอดตามหมวดที่เอกสารจัดไว้; taste_profile เป็นรสที่แนะนำประจำธาตุ ไม่ใช่การยืนยันว่าอาหารรายการนี้มีครบทุกรสดังกล่าว,หวาน|มันนัว
F051,อาหารย่อยยากและดูดซึมยาก,avoid_rule,ข้อควรหลีกเลี่ยง,earth,ธาตุดิน,ฝาด|หวาน|มัน|เค็ม,avoid,ควรหลีกเลี่ยง เนื่องจากย่อยได้ช้าและอาจทำให้เกิดอาการแน่นท้องหรืออาหารไม่ย่อย ในผู้ที่มีธาตุดิน,ธาตุเจ้าเรือน1(1).pdf,4-Mar,,,โหราเวชศาสตร์ทางการแพทย์แผนไทย (ธาตุเจ้าเรือน).pdf,6,เป็นข้อควรระวัง/หลีกเลี่ยงระดับกลุ่มอาหาร ไม่ใช่เมนูแนะนำ,
F052,ของทอด,avoid_rule,ข้อควรหลีกเลี่ยง,earth,ธาตุดิน,ฝาด|หวาน|มัน|เค็ม,avoid,ควรหลีกเลี่ยง เนื่องจากมีไขมันสูง ย่อยได้ช้า และอาจเพิ่มภาระต่อระบบย่อยอาหาร ในผู้ที่มีธาตุดิน,ธาตุเจ้าเรือน1(1).pdf,4-Mar,,,โหราเวชศาสตร์ทางการแพทย์แผนไทย (ธาตุเจ้าเรือน).pdf,6,เป็นข้อควรระวัง/หลีกเลี่ยงระดับกลุ่มอาหาร ไม่ใช่เมนูแนะนำ,
F053,ขี้เหล็ก,vegetable_herb,ผักพื้นบ้าน/สมุนไพร,water,ธาตุน้ำ,เปรี้ยว|ขม,recommended,"เอกสารจัดเป็นตัวอย่างผักพื้นบ้าน/สมุนไพรสำหรับผู้ที่มีแนวโน้มธาตุน้ำ ซึ่งควรเน้นรส เปรี้ยว, ขม",อาหารและสมุนไพรตามธาตุเจ้าเรือน.pdf,6,ธาตุเจ้าเรือน1(1).pdf,5-Apr,โหราเวชศาสตร์ทางการแพทย์แผนไทย (ธาตุเจ้าเรือน).pdf,6,ถอดตามหมวดที่เอกสารจัดไว้; taste_profile เป็นรสที่แนะนำประจำธาตุ ไม่ใช่การยืนยันว่าอาหารรายการนี้มีครบทุกรสดังกล่าว,ขม
F054,แคบ้าน,vegetable_herb,ผักพื้นบ้าน/สมุนไพร,water,ธาตุน้ำ,เปรี้ยว|ขม,recommended,"เอกสารจัดเป็นตัวอย่างผักพื้นบ้าน/สมุนไพรสำหรับผู้ที่มีแนวโน้มธาตุน้ำ ซึ่งควรเน้นรส เปรี้ยว, ขม",อาหารและสมุนไพรตามธาตุเจ้าเรือน.pdf,6,ธาตุเจ้าเรือน1(1).pdf,5-Apr,โหราเวชศาสตร์ทางการแพทย์แผนไทย (ธาตุเจ้าเรือน).pdf,6,ถอดตามหมวดที่เอกสารจัดไว้; taste_profile เป็นรสที่แนะนำประจำธาตุ ไม่ใช่การยืนยันว่าอาหารรายการนี้มีครบทุกรสดังกล่าว,ขมอ่อนๆ|อมหวาน|มัน
F055,ชะมวง,vegetable_herb,ผักพื้นบ้าน/สมุนไพร,water,ธาตุน้ำ,เปรี้ยว|ขม,recommended,"เอกสารจัดเป็นตัวอย่างผักพื้นบ้าน/สมุนไพรสำหรับผู้ที่มีแนวโน้มธาตุน้ำ ซึ่งควรเน้นรส เปรี้ยว, ขม",อาหารและสมุนไพรตามธาตุเจ้าเรือน.pdf,6,ธาตุเจ้าเรือน1(1).pdf,5-Apr,โหราเวชศาสตร์ทางการแพทย์แผนไทย (ธาตุเจ้าเรือน).pdf,6,ถอดตามหมวดที่เอกสารจัดไว้; taste_profile เป็นรสที่แนะนำประจำธาตุ ไม่ใช่การยืนยันว่าอาหารรายการนี้มีครบทุกรสดังกล่าว,เปรี้ยว
F056,ผักติ้ว,vegetable_herb,ผักพื้นบ้าน/สมุนไพร,water,ธาตุน้ำ,เปรี้ยว|ขม,recommended,"เอกสารจัดเป็นตัวอย่างผักพื้นบ้าน/สมุนไพรสำหรับผู้ที่มีแนวโน้มธาตุน้ำ ซึ่งควรเน้นรส เปรี้ยว, ขม",อาหารและสมุนไพรตามธาตุเจ้าเรือน.pdf,6,ธาตุเจ้าเรือน1(1).pdf,5-Apr,โหราเวชศาสตร์ทางการแพทย์แผนไทย (ธาตุเจ้าเรือน).pdf,6,ถอดตามหมวดที่เอกสารจัดไว้; taste_profile เป็นรสที่แนะนำประจำธาตุ ไม่ใช่การยืนยันว่าอาหารรายการนี้มีครบทุกรสดังกล่าว,เปรี้ยวละมุน|ฝาดอมหวานปลายๆ
F057,ยอดมะกอก,vegetable_herb,ผักพื้นบ้าน/สมุนไพร,water,ธาตุน้ำ,เปรี้ยว|ขม,recommended,"เอกสารจัดเป็นตัวอย่างผักพื้นบ้าน/สมุนไพรสำหรับผู้ที่มีแนวโน้มธาตุน้ำ ซึ่งควรเน้นรส เปรี้ยว, ขม",อาหารและสมุนไพรตามธาตุเจ้าเรือน.pdf,6,ธาตุเจ้าเรือน1(1).pdf,5-Apr,โหราเวชศาสตร์ทางการแพทย์แผนไทย (ธาตุเจ้าเรือน).pdf,6,ถอดตามหมวดที่เอกสารจัดไว้; taste_profile เป็นรสที่แนะนำประจำธาตุ ไม่ใช่การยืนยันว่าอาหารรายการนี้มีครบทุกรสดังกล่าว,เปรี้ยวอมฝาด|มันกลมกล่อม
F058,ยอดมะขาม,vegetable_herb,ผักพื้นบ้าน/สมุนไพร,water,ธาตุน้ำ,เปรี้ยว|ขม,recommended,"เอกสารจัดเป็นตัวอย่างผักพื้นบ้าน/สมุนไพรสำหรับผู้ที่มีแนวโน้มธาตุน้ำ ซึ่งควรเน้นรส เปรี้ยว, ขม",อาหารและสมุนไพรตามธาตุเจ้าเรือน.pdf,6,ธาตุเจ้าเรือน1(1).pdf,5-Apr,โหราเวชศาสตร์ทางการแพทย์แผนไทย (ธาตุเจ้าเรือน).pdf,6,ถอดตามหมวดที่เอกสารจัดไว้; taste_profile เป็นรสที่แนะนำประจำธาตุ ไม่ใช่การยืนยันว่าอาหารรายการนี้มีครบทุกรสดังกล่าว,เปรี้ยว|ฝาด
F059,มะอึก,vegetable_herb,ผักพื้นบ้าน/สมุนไพร,water,ธาตุน้ำ,เปรี้ยว|ขม,recommended,"เอกสารจัดเป็นตัวอย่างผักพื้นบ้าน/สมุนไพรสำหรับผู้ที่มีแนวโน้มธาตุน้ำ ซึ่งควรเน้นรส เปรี้ยว, ขม",อาหารและสมุนไพรตามธาตุเจ้าเรือน.pdf,6,ธาตุเจ้าเรือน1(1).pdf,5-Apr,โหราเวชศาสตร์ทางการแพทย์แผนไทย (ธาตุเจ้าเรือน).pdf,6,ถอดตามหมวดที่เอกสารจัดไว้; taste_profile เป็นรสที่แนะนำประจำธาตุ ไม่ใช่การยืนยันว่าอาหารรายการนี้มีครบทุกรสดังกล่าว,เปรี้ยว
F060,มะเขือเครือ,vegetable_herb,ผักพื้นบ้าน/สมุนไพร,water,ธาตุน้ำ,เปรี้ยว|ขม,recommended,"เอกสารจัดเป็นตัวอย่างผักพื้นบ้าน/สมุนไพรสำหรับผู้ที่มีแนวโน้มธาตุน้ำ ซึ่งควรเน้นรส เปรี้ยว, ขม",อาหารและสมุนไพรตามธาตุเจ้าเรือน.pdf,6,ธาตุเจ้าเรือน1(1).pdf,5-Apr,โหราเวชศาสตร์ทางการแพทย์แผนไทย (ธาตุเจ้าเรือน).pdf,6,ถอดตามหมวดที่เอกสารจัดไว้; taste_profile เป็นรสที่แนะนำประจำธาตุ ไม่ใช่การยืนยันว่าอาหารรายการนี้มีครบทุกรสดังกล่าว,เปรี้ยวฉ่ำ|จืดอมหวานเล็กน้อย
F061,สะเดาบ้าน,vegetable_herb,ผักพื้นบ้าน/สมุนไพร,water,ธาตุน้ำ,เปรี้ยว|ขม,recommended,"เอกสารจัดเป็นตัวอย่างผักพื้นบ้าน/สมุนไพรสำหรับผู้ที่มีแนวโน้มธาตุน้ำ ซึ่งควรเน้นรส เปรี้ยว, ขม",อาหารและสมุนไพรตามธาตุเจ้าเรือน.pdf,6,ธาตุเจ้าเรือน1(1).pdf,5-Apr,โหราเวชศาสตร์ทางการแพทย์แผนไทย (ธาตุเจ้าเรือน).pdf,6,ถอดตามหมวดที่เอกสารจัดไว้; taste_profile เป็นรสที่แนะนำประจำธาตุ ไม่ใช่การยืนยันว่าอาหารรายการนี้มีครบทุกรสดังกล่าว,ขม
F062,มะระขี้นก,vegetable_herb,ผักพื้นบ้าน/สมุนไพร,water,ธาตุน้ำ,เปรี้ยว|ขม,recommended,"เอกสารจัดเป็นตัวอย่างผักพื้นบ้าน/สมุนไพรสำหรับผู้ที่มีแนวโน้มธาตุน้ำ ซึ่งควรเน้นรส เปรี้ยว, ขม",อาหารและสมุนไพรตามธาตุเจ้าเรือน.pdf,6,ธาตุเจ้าเรือน1(1).pdf,5-Apr,โหราเวชศาสตร์ทางการแพทย์แผนไทย (ธาตุเจ้าเรือน).pdf,6,ถอดตามหมวดที่เอกสารจัดไว้; taste_profile เป็นรสที่แนะนำประจำธาตุ ไม่ใช่การยืนยันว่าอาหารรายการนี้มีครบทุกรสดังกล่าว,ขม
F063,มะระจีน,vegetable_herb,ผักพื้นบ้าน/สมุนไพร,water,ธาตุน้ำ,เปรี้ยว|ขม,recommended,"เอกสารจัดเป็นตัวอย่างผักพื้นบ้าน/สมุนไพรสำหรับผู้ที่มีแนวโน้มธาตุน้ำ ซึ่งควรเน้นรส เปรี้ยว, ขม",อาหารและสมุนไพรตามธาตุเจ้าเรือน.pdf,6,ธาตุเจ้าเรือน1(1).pdf,5-Apr,โหราเวชศาสตร์ทางการแพทย์แผนไทย (ธาตุเจ้าเรือน).pdf,6,ถอดตามหมวดที่เอกสารจัดไว้; taste_profile เป็นรสที่แนะนำประจำธาตุ ไม่ใช่การยืนยันว่าอาหารรายการนี้มีครบทุกรสดังกล่าว,ขม
F064,มะแว้ง,vegetable_herb,ผักพื้นบ้าน/สมุนไพร,water,ธาตุน้ำ,เปรี้ยว|ขม,recommended,"เอกสารจัดเป็นตัวอย่างผักพื้นบ้าน/สมุนไพรสำหรับผู้ที่มีแนวโน้มธาตุน้ำ ซึ่งควรเน้นรส เปรี้ยว, ขม",อาหารและสมุนไพรตามธาตุเจ้าเรือน.pdf,6,ธาตุเจ้าเรือน1(1).pdf,5-Apr,โหราเวชศาสตร์ทางการแพทย์แผนไทย (ธาตุเจ้าเรือน).pdf,6,ถอดตามหมวดที่เอกสารจัดไว้; taste_profile เป็นรสที่แนะนำประจำธาตุ ไม่ใช่การยืนยันว่าอาหารรายการนี้มีครบทุกรสดังกล่าว,ขม
F065,ใบยอ,vegetable_herb,ผักพื้นบ้าน/สมุนไพร,water,ธาตุน้ำ,เปรี้ยว|ขม,recommended,"เอกสารจัดเป็นตัวอย่างผักพื้นบ้าน/สมุนไพรสำหรับผู้ที่มีแนวโน้มธาตุน้ำ ซึ่งควรเน้นรส เปรี้ยว, ขม",อาหารและสมุนไพรตามธาตุเจ้าเรือน.pdf,6,ธาตุเจ้าเรือน1(1).pdf,5-Apr,โหราเวชศาสตร์ทางการแพทย์แผนไทย (ธาตุเจ้าเรือน).pdf,6,ถอดตามหมวดที่เอกสารจัดไว้; taste_profile เป็นรสที่แนะนำประจำธาตุ ไม่ใช่การยืนยันว่าอาหารรายการนี้มีครบทุกรสดังกล่าว,ขมอมฝาด|มัน
F066,มะนาว,fruit,ผลไม้,water,ธาตุน้ำ,เปรี้ยว|ขม,recommended,"เอกสารจัดเป็นตัวอย่างผลไม้สำหรับผู้ที่มีแนวโน้มธาตุน้ำ ซึ่งควรเน้นรส เปรี้ยว, ขม",อาหารและสมุนไพรตามธาตุเจ้าเรือน.pdf,6,ธาตุเจ้าเรือน1(1).pdf,5-Apr,โหราเวชศาสตร์ทางการแพทย์แผนไทย (ธาตุเจ้าเรือน).pdf,6,ถอดตามหมวดที่เอกสารจัดไว้; taste_profile เป็นรสที่แนะนำประจำธาตุ ไม่ใช่การยืนยันว่าอาหารรายการนี้มีครบทุกรสดังกล่าว,เปรี้ยว
F067,ส้ม,fruit,ผลไม้,water,ธาตุน้ำ,เปรี้ยว|ขม,recommended,"เอกสารจัดเป็นตัวอย่างผลไม้สำหรับผู้ที่มีแนวโน้มธาตุน้ำ ซึ่งควรเน้นรส เปรี้ยว, ขม",อาหารและสมุนไพรตามธาตุเจ้าเรือน.pdf,6,ธาตุเจ้าเรือน1(1).pdf,5-Apr,โหราเวชศาสตร์ทางการแพทย์แผนไทย (ธาตุเจ้าเรือน).pdf,6,ถอดตามหมวดที่เอกสารจัดไว้; taste_profile เป็นรสที่แนะนำประจำธาตุ ไม่ใช่การยืนยันว่าอาหารรายการนี้มีครบทุกรสดังกล่าว,เปรี้ยว|หวาน
F068,สับปะรด,fruit,ผลไม้,water,ธาตุน้ำ,เปรี้ยว|ขม,recommended,"เอกสารจัดเป็นตัวอย่างผลไม้สำหรับผู้ที่มีแนวโน้มธาตุน้ำ ซึ่งควรเน้นรส เปรี้ยว, ขม",อาหารและสมุนไพรตามธาตุเจ้าเรือน.pdf,6,ธาตุเจ้าเรือน1(1).pdf,5-Apr,โหราเวชศาสตร์ทางการแพทย์แผนไทย (ธาตุเจ้าเรือน).pdf,6,ถอดตามหมวดที่เอกสารจัดไว้; taste_profile เป็นรสที่แนะนำประจำธาตุ ไม่ใช่การยืนยันว่าอาหารรายการนี้มีครบทุกรสดังกล่าว,หวาน|เปรี้ยว
F069,มะเขือเทศ,fruit,ผลไม้,water,ธาตุน้ำ,เปรี้ยว|ขม,recommended,"เอกสารจัดเป็นตัวอย่างผลไม้สำหรับผู้ที่มีแนวโน้มธาตุน้ำ ซึ่งควรเน้นรส เปรี้ยว, ขม",อาหารและสมุนไพรตามธาตุเจ้าเรือน.pdf,6,ธาตุเจ้าเรือน1(1).pdf,5-Apr,โหราเวชศาสตร์ทางการแพทย์แผนไทย (ธาตุเจ้าเรือน).pdf,6,ถอดตามหมวดที่เอกสารจัดไว้; taste_profile เป็นรสที่แนะนำประจำธาตุ ไม่ใช่การยืนยันว่าอาหารรายการนี้มีครบทุกรสดังกล่าว,เปรี้ยว|หวานเล็กน้อย
F070,มะยม,fruit,ผลไม้,water,ธาตุน้ำ,เปรี้ยว|ขม,recommended,"เอกสารจัดเป็นตัวอย่างผลไม้สำหรับผู้ที่มีแนวโน้มธาตุน้ำ ซึ่งควรเน้นรส เปรี้ยว, ขม",อาหารและสมุนไพรตามธาตุเจ้าเรือน.pdf,6,ธาตุเจ้าเรือน1(1).pdf,5-Apr,โหราเวชศาสตร์ทางการแพทย์แผนไทย (ธาตุเจ้าเรือน).pdf,6,ถอดตามหมวดที่เอกสารจัดไว้; taste_profile เป็นรสที่แนะนำประจำธาตุ ไม่ใช่การยืนยันว่าอาหารรายการนี้มีครบทุกรสดังกล่าว,เปรี้ยว|ฝาด
F071,มะกอก,fruit,ผลไม้,water,ธาตุน้ำ,เปรี้ยว|ขม,recommended,"เอกสารจัดเป็นตัวอย่างผลไม้สำหรับผู้ที่มีแนวโน้มธาตุน้ำ ซึ่งควรเน้นรส เปรี้ยว, ขม",อาหารและสมุนไพรตามธาตุเจ้าเรือน.pdf,6,ธาตุเจ้าเรือน1(1).pdf,5-Apr,โหราเวชศาสตร์ทางการแพทย์แผนไทย (ธาตุเจ้าเรือน).pdf,6,ถอดตามหมวดที่เอกสารจัดไว้; taste_profile เป็นรสที่แนะนำประจำธาตุ ไม่ใช่การยืนยันว่าอาหารรายการนี้มีครบทุกรสดังกล่าว,เปรี้ยวอมฝาด|มันกลมกล่อม
F072,มะดัน,fruit,ผลไม้,water,ธาตุน้ำ,เปรี้ยว|ขม,recommended,"เอกสารจัดเป็นตัวอย่างผลไม้สำหรับผู้ที่มีแนวโน้มธาตุน้ำ ซึ่งควรเน้นรส เปรี้ยว, ขม",อาหารและสมุนไพรตามธาตุเจ้าเรือน.pdf,6,ธาตุเจ้าเรือน1(1).pdf,5-Apr,โหราเวชศาสตร์ทางการแพทย์แผนไทย (ธาตุเจ้าเรือน).pdf,6,ถอดตามหมวดที่เอกสารจัดไว้; taste_profile เป็นรสที่แนะนำประจำธาตุ ไม่ใช่การยืนยันว่าอาหารรายการนี้มีครบทุกรสดังกล่าว,เปรี้ยว
F073,กระท้อน,fruit,ผลไม้,water,ธาตุน้ำ,เปรี้ยว|ขม,recommended,"เอกสารจัดเป็นตัวอย่างผลไม้สำหรับผู้ที่มีแนวโน้มธาตุน้ำ ซึ่งควรเน้นรส เปรี้ยว, ขม",อาหารและสมุนไพรตามธาตุเจ้าเรือน.pdf,6,ธาตุเจ้าเรือน1(1).pdf,5-Apr,โหราเวชศาสตร์ทางการแพทย์แผนไทย (ธาตุเจ้าเรือน).pdf,6,ถอดตามหมวดที่เอกสารจัดไว้; taste_profile เป็นรสที่แนะนำประจำธาตุ ไม่ใช่การยืนยันว่าอาหารรายการนี้มีครบทุกรสดังกล่าว,เปรี้ยวอมหวาน|ฝาดบางๆ
F074,แกงขี้เหล็กปลาย่าง,menu,เมนูอาหาร,water,ธาตุน้ำ,เปรี้ยว|ขม,recommended,"เอกสารจัดเป็นตัวอย่างเมนูอาหารสำหรับผู้ที่มีแนวโน้มธาตุน้ำ ซึ่งควรเน้นรส เปรี้ยว, ขม",อาหารและสมุนไพรตามธาตุเจ้าเรือน.pdf,6,ธาตุเจ้าเรือน1(1).pdf,5-Apr,โหราเวชศาสตร์ทางการแพทย์แผนไทย (ธาตุเจ้าเรือน).pdf,6,ถอดตามหมวดที่เอกสารจัดไว้; taste_profile เป็นรสที่แนะนำประจำธาตุ ไม่ใช่การยืนยันว่าอาหารรายการนี้มีครบทุกรสดังกล่าว,ขมอมหวาน|มันนัว
F075,แกงส้มดอกแค,menu,เมนูอาหาร,water,ธาตุน้ำ,เปรี้ยว|ขม,recommended,"เอกสารจัดเป็นตัวอย่างเมนูอาหารสำหรับผู้ที่มีแนวโน้มธาตุน้ำ ซึ่งควรเน้นรส เปรี้ยว, ขม",อาหารและสมุนไพรตามธาตุเจ้าเรือน.pdf,6,ธาตุเจ้าเรือน1(1).pdf,5-Apr,โหราเวชศาสตร์ทางการแพทย์แผนไทย (ธาตุเจ้าเรือน).pdf,6,ถอดตามหมวดที่เอกสารจัดไว้; taste_profile เป็นรสที่แนะนำประจำธาตุ ไม่ใช่การยืนยันว่าอาหารรายการนี้มีครบทุกรสดังกล่าว,เปรี้ยวนำ|เผ็ด|หวาน|เค็ม|ขมอ่อนๆ
F076,แกงอ่อม,menu,เมนูอาหาร,water,ธาตุน้ำ,เปรี้ยว|ขม,recommended,"เอกสารจัดเป็นตัวอย่างเมนูอาหารสำหรับผู้ที่มีแนวโน้มธาตุน้ำ ซึ่งควรเน้นรส เปรี้ยว, ขม",อาหารและสมุนไพรตามธาตุเจ้าเรือน.pdf,6,ธาตุเจ้าเรือน1(1).pdf,5-Apr,โหราเวชศาสตร์ทางการแพทย์แผนไทย (ธาตุเจ้าเรือน).pdf,6,ถอดตามหมวดที่เอกสารจัดไว้; taste_profile เป็นรสที่แนะนำประจำธาตุ ไม่ใช่การยืนยันว่าอาหารรายการนี้มีครบทุกรสดังกล่าว,เค็มนัว|เผ็ดจัดจ้านปานกลาง
F077,ผัดมะระใส่ไข่,menu,เมนูอาหาร,water,ธาตุน้ำ,เปรี้ยว|ขม,recommended,"เอกสารจัดเป็นตัวอย่างเมนูอาหารสำหรับผู้ที่มีแนวโน้มธาตุน้ำ ซึ่งควรเน้นรส เปรี้ยว, ขม",อาหารและสมุนไพรตามธาตุเจ้าเรือน.pdf,6,ธาตุเจ้าเรือน1(1).pdf,5-Apr,โหราเวชศาสตร์ทางการแพทย์แผนไทย (ธาตุเจ้าเรือน).pdf,6,ถอดตามหมวดที่เอกสารจัดไว้; taste_profile เป็นรสที่แนะนำประจำธาตุ ไม่ใช่การยืนยันว่าอาหารรายการนี้มีครบทุกรสดังกล่าว,มันนัว|เค็ม|หวาน|ขมอ่อนๆ
F078,ห่อหมกใบยอ,menu,เมนูอาหาร,water,ธาตุน้ำ,เปรี้ยว|ขม,recommended,"เอกสารจัดเป็นตัวอย่างเมนูอาหารสำหรับผู้ที่มีแนวโน้มธาตุน้ำ ซึ่งควรเน้นรส เปรี้ยว, ขม",อาหารและสมุนไพรตามธาตุเจ้าเรือน.pdf,6,ธาตุเจ้าเรือน1(1).pdf,5-Apr,โหราเวชศาสตร์ทางการแพทย์แผนไทย (ธาตุเจ้าเรือน).pdf,6,ถอดตามหมวดที่เอกสารจัดไว้; taste_profile เป็นรสที่แนะนำประจำธาตุ ไม่ใช่การยืนยันว่าอาหารรายการนี้มีครบทุกรสดังกล่าว,เค็ม|หวาน|มันนัว|ขมอมฝาดบางๆ
F079,แกงป่าสะเดาใส่ปลาหมอ,menu,เมนูอาหาร,water,ธาตุน้ำ,เปรี้ยว|ขม,recommended,"เอกสารจัดเป็นตัวอย่างเมนูอาหารสำหรับผู้ที่มีแนวโน้มธาตุน้ำ ซึ่งควรเน้นรส เปรี้ยว, ขม",อาหารและสมุนไพรตามธาตุเจ้าเรือน.pdf,6,ธาตุเจ้าเรือน1(1).pdf,5-Apr,โหราเวชศาสตร์ทางการแพทย์แผนไทย (ธาตุเจ้าเรือน).pdf,6,ถอดตามหมวดที่เอกสารจัดไว้; taste_profile เป็นรสที่แนะนำประจำธาตุ ไม่ใช่การยืนยันว่าอาหารรายการนี้มีครบทุกรสดังกล่าว,ขมอมหวาน|เผ็ดร้อน|มันนัวจากเนื้อปลา
F080,แกงป่าสะเดาปิ้ง,menu,เมนูอาหาร,water,ธาตุน้ำ,เปรี้ยว|ขม,recommended,"เอกสารจัดเป็นตัวอย่างเมนูอาหารสำหรับผู้ที่มีแนวโน้มธาตุน้ำ ซึ่งควรเน้นรส เปรี้ยว, ขม",อาหารและสมุนไพรตามธาตุเจ้าเรือน.pdf,6,ธาตุเจ้าเรือน1(1).pdf,5-Apr,โหราเวชศาสตร์ทางการแพทย์แผนไทย (ธาตุเจ้าเรือน).pdf,6,ถอดตามหมวดที่เอกสารจัดไว้; taste_profile เป็นรสที่แนะนำประจำธาตุ ไม่ใช่การยืนยันว่าอาหารรายการนี้มีครบทุกรสดังกล่าว,ขมอมหวาน|เผ็ดร้อน
F081,ต้มโคล้งยอดมะขาม,menu,เมนูอาหาร,water,ธาตุน้ำ,เปรี้ยว|ขม,recommended,"เอกสารจัดเป็นตัวอย่างเมนูอาหารสำหรับผู้ที่มีแนวโน้มธาตุน้ำ ซึ่งควรเน้นรส เปรี้ยว, ขม",อาหารและสมุนไพรตามธาตุเจ้าเรือน.pdf,6,ธาตุเจ้าเรือน1(1).pdf,5-Apr,โหราเวชศาสตร์ทางการแพทย์แผนไทย (ธาตุเจ้าเรือน).pdf,6,ถอดตามหมวดที่เอกสารจัดไว้; taste_profile เป็นรสที่แนะนำประจำธาตุ ไม่ใช่การยืนยันว่าอาหารรายการนี้มีครบทุกรสดังกล่าว,เปรี้ยว|แซ่บ|เผ็ดจัดจ้าน|นัวกลมกล่อม
F082,ใบยอผัดน้ำมันหอยใส่หมูบด,menu,เมนูอาหาร,water,ธาตุน้ำ,เปรี้ยว|ขม,recommended,"เอกสารจัดเป็นตัวอย่างเมนูอาหารสำหรับผู้ที่มีแนวโน้มธาตุน้ำ ซึ่งควรเน้นรส เปรี้ยว, ขม",อาหารและสมุนไพรตามธาตุเจ้าเรือน.pdf,6,ธาตุเจ้าเรือน1(1).pdf,5-Apr,โหราเวชศาสตร์ทางการแพทย์แผนไทย (ธาตุเจ้าเรือน).pdf,6,ถอดตามหมวดที่เอกสารจัดไว้; taste_profile เป็นรสที่แนะนำประจำธาตุ ไม่ใช่การยืนยันว่าอาหารรายการนี้มีครบทุกรสดังกล่าว,เค็ม|หวาน|มันนัว|ขมอ่อนๆ
F083,มะยมเชื่อม,snack,อาหารว่าง,water,ธาตุน้ำ,เปรี้ยว|ขม,recommended,"เอกสารจัดเป็นตัวอย่างอาหารว่างสำหรับผู้ที่มีแนวโน้มธาตุน้ำ ซึ่งควรเน้นรส เปรี้ยว, ขม",อาหารและสมุนไพรตามธาตุเจ้าเรือน.pdf,6,ธาตุเจ้าเรือน1(1).pdf,5-Apr,โหราเวชศาสตร์ทางการแพทย์แผนไทย (ธาตุเจ้าเรือน).pdf,6,ถอดตามหมวดที่เอกสารจัดไว้; taste_profile เป็นรสที่แนะนำประจำธาตุ ไม่ใช่การยืนยันว่าอาหารรายการนี้มีครบทุกรสดังกล่าว,หวาน|เปรี้ยว
F084,สับปะรดกวน,snack,อาหารว่าง,water,ธาตุน้ำ,เปรี้ยว|ขม,recommended,"เอกสารจัดเป็นตัวอย่างอาหารว่างสำหรับผู้ที่มีแนวโน้มธาตุน้ำ ซึ่งควรเน้นรส เปรี้ยว, ขม",อาหารและสมุนไพรตามธาตุเจ้าเรือน.pdf,6,ธาตุเจ้าเรือน1(1).pdf,5-Apr,โหราเวชศาสตร์ทางการแพทย์แผนไทย (ธาตุเจ้าเรือน).pdf,6,ถอดตามหมวดที่เอกสารจัดไว้; taste_profile เป็นรสที่แนะนำประจำธาตุ ไม่ใช่การยืนยันว่าอาหารรายการนี้มีครบทุกรสดังกล่าว,หวาน|เปรี้ยว
F085,กระท้อนลอยแก้ว,snack,อาหารว่าง,water,ธาตุน้ำ,เปรี้ยว|ขม,recommended,"เอกสารจัดเป็นตัวอย่างอาหารว่างสำหรับผู้ที่มีแนวโน้มธาตุน้ำ ซึ่งควรเน้นรส เปรี้ยว, ขม",อาหารและสมุนไพรตามธาตุเจ้าเรือน.pdf,6,ธาตุเจ้าเรือน1(1).pdf,5-Apr,โหราเวชศาสตร์ทางการแพทย์แผนไทย (ธาตุเจ้าเรือน).pdf,6,ถอดตามหมวดที่เอกสารจัดไว้; taste_profile เป็นรสที่แนะนำประจำธาตุ ไม่ใช่การยืนยันว่าอาหารรายการนี้มีครบทุกรสดังกล่าว,หวานเย็น|เปรี้ยวฉ่ำ|เค็มบางๆ
F086,มะม่วงน้ำปลาหวาน,snack,อาหารว่าง,water,ธาตุน้ำ,เปรี้ยว|ขม,recommended,"เอกสารจัดเป็นตัวอย่างอาหารว่างสำหรับผู้ที่มีแนวโน้มธาตุน้ำ ซึ่งควรเน้นรส เปรี้ยว, ขม",อาหารและสมุนไพรตามธาตุเจ้าเรือน.pdf,6,ธาตุเจ้าเรือน1(1).pdf,5-Apr,โหราเวชศาสตร์ทางการแพทย์แผนไทย (ธาตุเจ้าเรือน).pdf,6,ถอดตามหมวดที่เอกสารจัดไว้; taste_profile เป็นรสที่แนะนำประจำธาตุ ไม่ใช่การยืนยันว่าอาหารรายการนี้มีครบทุกรสดังกล่าว,เปรี้ยว|หวาน|เค็ม|เผ็ด
F087,มะม่วงกวน,snack,อาหารว่าง,water,ธาตุน้ำ,เปรี้ยว|ขม,recommended,"เอกสารจัดเป็นตัวอย่างอาหารว่างสำหรับผู้ที่มีแนวโน้มธาตุน้ำ ซึ่งควรเน้นรส เปรี้ยว, ขม",อาหารและสมุนไพรตามธาตุเจ้าเรือน.pdf,6,ธาตุเจ้าเรือน1(1).pdf,5-Apr,โหราเวชศาสตร์ทางการแพทย์แผนไทย (ธาตุเจ้าเรือน).pdf,6,ถอดตามหมวดที่เอกสารจัดไว้; taste_profile เป็นรสที่แนะนำประจำธาตุ ไม่ใช่การยืนยันว่าอาหารรายการนี้มีครบทุกรสดังกล่าว,หวาน|เปรี้ยว
F088,น้ำมะนาว,drink,เครื่องดื่ม,water,ธาตุน้ำ,เปรี้ยว|ขม,recommended,"เอกสารจัดเป็นตัวอย่างเครื่องดื่มสำหรับผู้ที่มีแนวโน้มธาตุน้ำ ซึ่งควรเน้นรส เปรี้ยว, ขม",อาหารและสมุนไพรตามธาตุเจ้าเรือน.pdf,6,ธาตุเจ้าเรือน1(1).pdf,5-Apr,โหราเวชศาสตร์ทางการแพทย์แผนไทย (ธาตุเจ้าเรือน).pdf,6,ถอดตามหมวดที่เอกสารจัดไว้; taste_profile เป็นรสที่แนะนำประจำธาตุ ไม่ใช่การยืนยันว่าอาหารรายการนี้มีครบทุกรสดังกล่าว,เปรี้ยวจื้ด|ขมปลายๆ
F089,น้ำกระเจี๊ยบ,drink,เครื่องดื่ม,water,ธาตุน้ำ,เปรี้ยว|ขม,recommended,"เอกสารจัดเป็นตัวอย่างเครื่องดื่มสำหรับผู้ที่มีแนวโน้มธาตุน้ำ ซึ่งควรเน้นรส เปรี้ยว, ขม",อาหารและสมุนไพรตามธาตุเจ้าเรือน.pdf,6,ธาตุเจ้าเรือน1(1).pdf,5-Apr,โหราเวชศาสตร์ทางการแพทย์แผนไทย (ธาตุเจ้าเรือน).pdf,6,ถอดตามหมวดที่เอกสารจัดไว้; taste_profile เป็นรสที่แนะนำประจำธาตุ ไม่ใช่การยืนยันว่าอาหารรายการนี้มีครบทุกรสดังกล่าว,เปรี้ยวอมหวาน|ฝาดบางๆ
F090,น้ำมะเฟือง,drink,เครื่องดื่ม,water,ธาตุน้ำ,เปรี้ยว|ขม,recommended,"เอกสารจัดเป็นตัวอย่างเครื่องดื่มสำหรับผู้ที่มีแนวโน้มธาตุน้ำ ซึ่งควรเน้นรส เปรี้ยว, ขม",อาหารและสมุนไพรตามธาตุเจ้าเรือน.pdf,6,ธาตุเจ้าเรือน1(1).pdf,5-Apr,โหราเวชศาสตร์ทางการแพทย์แผนไทย (ธาตุเจ้าเรือน).pdf,6,ถอดตามหมวดที่เอกสารจัดไว้; taste_profile เป็นรสที่แนะนำประจำธาตุ ไม่ใช่การยืนยันว่าอาหารรายการนี้มีครบทุกรสดังกล่าว,เปรี้ยวอมหวาน|ฝาดบางๆ
F091,น้ำมะขาม,drink,เครื่องดื่ม,water,ธาตุน้ำ,เปรี้ยว|ขม,recommended,"เอกสารจัดเป็นตัวอย่างเครื่องดื่มสำหรับผู้ที่มีแนวโน้มธาตุน้ำ ซึ่งควรเน้นรส เปรี้ยว, ขม",อาหารและสมุนไพรตามธาตุเจ้าเรือน.pdf,6,ธาตุเจ้าเรือน1(1).pdf,5-Apr,โหราเวชศาสตร์ทางการแพทย์แผนไทย (ธาตุเจ้าเรือน).pdf,6,ถอดตามหมวดที่เอกสารจัดไว้; taste_profile เป็นรสที่แนะนำประจำธาตุ ไม่ใช่การยืนยันว่าอาหารรายการนี้มีครบทุกรสดังกล่าว,เปรี้ยวจัดอมหวาน
F092,น้ำใบบัวบก,drink,เครื่องดื่ม,water,ธาตุน้ำ,เปรี้ยว|ขม,recommended,"เอกสารจัดเป็นตัวอย่างเครื่องดื่มสำหรับผู้ที่มีแนวโน้มธาตุน้ำ ซึ่งควรเน้นรส เปรี้ยว, ขม",อาหารและสมุนไพรตามธาตุเจ้าเรือน.pdf,6,ธาตุเจ้าเรือน1(1).pdf,5-Apr,โหราเวชศาสตร์ทางการแพทย์แผนไทย (ธาตุเจ้าเรือน).pdf,6,ถอดตามหมวดที่เอกสารจัดไว้; taste_profile เป็นรสที่แนะนำประจำธาตุ ไม่ใช่การยืนยันว่าอาหารรายการนี้มีครบทุกรสดังกล่าว,ขมอมหวานจางๆ|รสมันและมีความจืดเย็น
F093,น้ำมะเขือเทศ,drink,เครื่องดื่ม,water,ธาตุน้ำ,เปรี้ยว|ขม,recommended,"เอกสารจัดเป็นตัวอย่างเครื่องดื่มสำหรับผู้ที่มีแนวโน้มธาตุน้ำ ซึ่งควรเน้นรส เปรี้ยว, ขม",อาหารและสมุนไพรตามธาตุเจ้าเรือน.pdf,6,ธาตุเจ้าเรือน1(1).pdf,5-Apr,โหราเวชศาสตร์ทางการแพทย์แผนไทย (ธาตุเจ้าเรือน).pdf,6,ถอดตามหมวดที่เอกสารจัดไว้; taste_profile เป็นรสที่แนะนำประจำธาตุ ไม่ใช่การยืนยันว่าอาหารรายการนี้มีครบทุกรสดังกล่าว,เปรี้ยวอมหวาน|มันนัว|เค็มจางๆ
F094,น้ำสับปะรด,drink,เครื่องดื่ม,water,ธาตุน้ำ,เปรี้ยว|ขม,recommended,"เอกสารจัดเป็นตัวอย่างเครื่องดื่มสำหรับผู้ที่มีแนวโน้มธาตุน้ำ ซึ่งควรเน้นรส เปรี้ยว, ขม",อาหารและสมุนไพรตามธาตุเจ้าเรือน.pdf,6,ธาตุเจ้าเรือน1(1).pdf,5-Apr,โหราเวชศาสตร์ทางการแพทย์แผนไทย (ธาตุเจ้าเรือน).pdf,6,ถอดตามหมวดที่เอกสารจัดไว้; taste_profile เป็นรสที่แนะนำประจำธาตุ ไม่ใช่การยืนยันว่าอาหารรายการนี้มีครบทุกรสดังกล่าว,หวาน|เปรี้ยว
F095,อาหารที่ทำจากนมและเนย,avoid_rule,ข้อควรหลีกเลี่ยง,water,ธาตุน้ำ,เปรี้ยว|ขม,avoid,ควรหลีกเลี่ยง เนื่องจากอาจเพิ่มความชื้นและเสมหะในร่างกาย ทำให้เกิดอาการอืด แน่น หรือมีเสมหะมากขึ้น ในผู้ที่มีธาตุน้ำ,ธาตุเจ้าเรือน1(1).pdf,5-Apr,,,โหราเวชศาสตร์ทางการแพทย์แผนไทย (ธาตุเจ้าเรือน).pdf,6,เป็นข้อควรระวัง/หลีกเลี่ยงระดับกลุ่มอาหาร ไม่ใช่เมนูแนะนำ,
F096,อาหารรสเค็มหรือโซเดียมสูง,avoid_rule,ข้อควรหลีกเลี่ยง,water,ธาตุน้ำ,เปรี้ยว|ขม,avoid,ควรหลีกเลี่ยง เนื่องจากการบริโภคโซเดียมในปริมาณมากอาจทำให้ร่างกายกักเก็บน้ำ ส่งผลให้เกิดอาการบวมหรือเสียสมดุลของของเหลว ในผู้ที่มีธาตุน้ำ,ธาตุเจ้าเรือน1(1).pdf,5-Apr,,,โหราเวชศาสตร์ทางการแพทย์แผนไทย (ธาตุเจ้าเรือน).pdf,6,เป็นข้อควรระวัง/หลีกเลี่ยงระดับกลุ่มอาหาร ไม่ใช่เมนูแนะนำ,เค็ม
F097,อาหารกระป๋อง,avoid_rule,ข้อควรหลีกเลี่ยง,water,ธาตุน้ำ,เปรี้ยว|ขม,avoid,ควรหลีกเลี่ยง เนื่องจากมักมีโซเดียมและสารปรุงแต่งในปริมาณสูง ซึ่งอาจส่งผลต่อสมดุลของของเหลวในร่างกายเมื่อบริโภคเป็นประจำ ในผู้ที่มีธาตุน้ำ,ธาตุเจ้าเรือน1(1).pdf,5-Apr,,,โหราเวชศาสตร์ทางการแพทย์แผนไทย (ธาตุเจ้าเรือน).pdf,6,เป็นข้อควรระวัง/หลีกเลี่ยงระดับกลุ่มอาหาร ไม่ใช่เมนูแนะนำ,
F098,ไส้กรอก,avoid_rule,ข้อควรหลีกเลี่ยง,water,ธาตุน้ำ,เปรี้ยว|ขม,avoid,ควรหลีกเลี่ยง เนื่องจากเป็นอาหารแปรรูปที่มีโซเดียมและไขมันสูง การบริโภคเป็นประจำอาจเพิ่มการกักเก็บน้ำและส่งผลต่อสุขภาพโดยรวม ในผู้ที่มีธาตุน้ำ,ธาตุเจ้าเรือน1(1).pdf,5-Apr,,,โหราเวชศาสตร์ทางการแพทย์แผนไทย (ธาตุเจ้าเรือน).pdf,6,เป็นข้อควรระวัง/หลีกเลี่ยงระดับกลุ่มอาหาร ไม่ใช่เมนูแนะนำ,
F099,ขิง,vegetable_herb,ผักพื้นบ้าน/สมุนไพร,wind,ธาตุลม,เผ็ดร้อน,recommended,เอกสารจัดเป็นตัวอย่างผักพื้นบ้าน/สมุนไพรสำหรับผู้ที่มีแนวโน้มธาตุลม ซึ่งควรเน้นรส เผ็ดร้อน,อาหารและสมุนไพรตามธาตุเจ้าเรือน.pdf,4,ธาตุเจ้าเรือน1(1).pdf,6-May,โหราเวชศาสตร์ทางการแพทย์แผนไทย (ธาตุเจ้าเรือน).pdf,6,ถอดตามหมวดที่เอกสารจัดไว้; taste_profile เป็นรสที่แนะนำประจำธาตุ ไม่ใช่การยืนยันว่าอาหารรายการนี้มีครบทุกรสดังกล่าว,เผ็ดร้อน
F100,ข่า,vegetable_herb,ผักพื้นบ้าน/สมุนไพร,wind,ธาตุลม,เผ็ดร้อน,recommended,เอกสารจัดเป็นตัวอย่างผักพื้นบ้าน/สมุนไพรสำหรับผู้ที่มีแนวโน้มธาตุลม ซึ่งควรเน้นรส เผ็ดร้อน,อาหารและสมุนไพรตามธาตุเจ้าเรือน.pdf,4,ธาตุเจ้าเรือน1(1).pdf,6-May,โหราเวชศาสตร์ทางการแพทย์แผนไทย (ธาตุเจ้าเรือน).pdf,6,ถอดตามหมวดที่เอกสารจัดไว้; taste_profile เป็นรสที่แนะนำประจำธาตุ ไม่ใช่การยืนยันว่าอาหารรายการนี้มีครบทุกรสดังกล่าว,เผ็ดร้อน|ปร่า
F101,ตะไคร้,vegetable_herb,ผักพื้นบ้าน/สมุนไพร,wind,ธาตุลม,เผ็ดร้อน,recommended,เอกสารจัดเป็นตัวอย่างผักพื้นบ้าน/สมุนไพรสำหรับผู้ที่มีแนวโน้มธาตุลม ซึ่งควรเน้นรส เผ็ดร้อน,อาหารและสมุนไพรตามธาตุเจ้าเรือน.pdf,4,ธาตุเจ้าเรือน1(1).pdf,6-May,โหราเวชศาสตร์ทางการแพทย์แผนไทย (ธาตุเจ้าเรือน).pdf,6,ถอดตามหมวดที่เอกสารจัดไว้; taste_profile เป็นรสที่แนะนำประจำธาตุ ไม่ใช่การยืนยันว่าอาหารรายการนี้มีครบทุกรสดังกล่าว,เผ็ดร้อน|หอม
F102,กระชาย,vegetable_herb,ผักพื้นบ้าน/สมุนไพร,wind,ธาตุลม,เผ็ดร้อน,recommended,เอกสารจัดเป็นตัวอย่างผักพื้นบ้าน/สมุนไพรสำหรับผู้ที่มีแนวโน้มธาตุลม ซึ่งควรเน้นรส เผ็ดร้อน,อาหารและสมุนไพรตามธาตุเจ้าเรือน.pdf,4,ธาตุเจ้าเรือน1(1).pdf,6-May,โหราเวชศาสตร์ทางการแพทย์แผนไทย (ธาตุเจ้าเรือน).pdf,6,ถอดตามหมวดที่เอกสารจัดไว้; taste_profile เป็นรสที่แนะนำประจำธาตุ ไม่ใช่การยืนยันว่าอาหารรายการนี้มีครบทุกรสดังกล่าว,เผ็ดร้อน|หอม
F103,พริกไทย,vegetable_herb,ผักพื้นบ้าน/สมุนไพร,wind,ธาตุลม,เผ็ดร้อน,recommended,เอกสารจัดเป็นตัวอย่างผักพื้นบ้าน/สมุนไพรสำหรับผู้ที่มีแนวโน้มธาตุลม ซึ่งควรเน้นรส เผ็ดร้อน,อาหารและสมุนไพรตามธาตุเจ้าเรือน.pdf,4,ธาตุเจ้าเรือน1(1).pdf,6-May,โหราเวชศาสตร์ทางการแพทย์แผนไทย (ธาตุเจ้าเรือน).pdf,6,ถอดตามหมวดที่เอกสารจัดไว้; taste_profile เป็นรสที่แนะนำประจำธาตุ ไม่ใช่การยืนยันว่าอาหารรายการนี้มีครบทุกรสดังกล่าว,เผ็ดร้อน
F104,โหระพา,vegetable_herb,ผักพื้นบ้าน/สมุนไพร,wind,ธาตุลม,เผ็ดร้อน,recommended,เอกสารจัดเป็นตัวอย่างผักพื้นบ้าน/สมุนไพรสำหรับผู้ที่มีแนวโน้มธาตุลม ซึ่งควรเน้นรส เผ็ดร้อน,อาหารและสมุนไพรตามธาตุเจ้าเรือน.pdf,4,ธาตุเจ้าเรือน1(1).pdf,6-May,โหราเวชศาสตร์ทางการแพทย์แผนไทย (ธาตุเจ้าเรือน).pdf,6,ถอดตามหมวดที่เอกสารจัดไว้; taste_profile เป็นรสที่แนะนำประจำธาตุ ไม่ใช่การยืนยันว่าอาหารรายการนี้มีครบทุกรสดังกล่าว,เผ็ดร้อน|อมหวาน|มันจืด
F105,กระทือ,vegetable_herb,ผักพื้นบ้าน/สมุนไพร,wind,ธาตุลม,เผ็ดร้อน,recommended,เอกสารจัดเป็นตัวอย่างผักพื้นบ้าน/สมุนไพรสำหรับผู้ที่มีแนวโน้มธาตุลม ซึ่งควรเน้นรส เผ็ดร้อน,อาหารและสมุนไพรตามธาตุเจ้าเรือน.pdf,4,ธาตุเจ้าเรือน1(1).pdf,6-May,โหราเวชศาสตร์ทางการแพทย์แผนไทย (ธาตุเจ้าเรือน).pdf,6,ถอดตามหมวดที่เอกสารจัดไว้; taste_profile เป็นรสที่แนะนำประจำธาตุ ไม่ใช่การยืนยันว่าอาหารรายการนี้มีครบทุกรสดังกล่าว,ขม|ขื่น|ปร่า|เผ็ดเล็กน้อย
F106,ดอกกระเจียว,vegetable_herb,ผักพื้นบ้าน/สมุนไพร,wind,ธาตุลม,เผ็ดร้อน,recommended,เอกสารจัดเป็นตัวอย่างผักพื้นบ้าน/สมุนไพรสำหรับผู้ที่มีแนวโน้มธาตุลม ซึ่งควรเน้นรส เผ็ดร้อน,อาหารและสมุนไพรตามธาตุเจ้าเรือน.pdf,4,ธาตุเจ้าเรือน1(1).pdf,6-May,โหราเวชศาสตร์ทางการแพทย์แผนไทย (ธาตุเจ้าเรือน).pdf,6,ถอดตามหมวดที่เอกสารจัดไว้; taste_profile เป็นรสที่แนะนำประจำธาตุ ไม่ใช่การยืนยันว่าอาหารรายการนี้มีครบทุกรสดังกล่าว,จืด|มัน|หวานธรรมชาติ|อมเผ็ดซ่าร้อนจางๆ
F107,ขมิ้นชัน,vegetable_herb,ผักพื้นบ้าน/สมุนไพร,wind,ธาตุลม,เผ็ดร้อน,recommended,เอกสารจัดเป็นตัวอย่างผักพื้นบ้าน/สมุนไพรสำหรับผู้ที่มีแนวโน้มธาตุลม ซึ่งควรเน้นรส เผ็ดร้อน,อาหารและสมุนไพรตามธาตุเจ้าเรือน.pdf,4,ธาตุเจ้าเรือน1(1).pdf,6-May,โหราเวชศาสตร์ทางการแพทย์แผนไทย (ธาตุเจ้าเรือน).pdf,6,ถอดตามหมวดที่เอกสารจัดไว้; taste_profile เป็นรสที่แนะนำประจำธาตุ ไม่ใช่การยืนยันว่าอาหารรายการนี้มีครบทุกรสดังกล่าว,เผ็ดร้อน|อมขม|ฝาด
F108,ฟักคราด,vegetable_herb,ผักพื้นบ้าน/สมุนไพร,wind,ธาตุลม,เผ็ดร้อน,recommended,เอกสารจัดเป็นตัวอย่างผักพื้นบ้าน/สมุนไพรสำหรับผู้ที่มีแนวโน้มธาตุลม ซึ่งควรเน้นรส เผ็ดร้อน,อาหารและสมุนไพรตามธาตุเจ้าเรือน.pdf,4,ธาตุเจ้าเรือน1(1).pdf,6-May,โหราเวชศาสตร์ทางการแพทย์แผนไทย (ธาตุเจ้าเรือน).pdf,6,ถอดตามหมวดที่เอกสารจัดไว้; taste_profile เป็นรสที่แนะนำประจำธาตุ ไม่ใช่การยืนยันว่าอาหารรายการนี้มีครบทุกรสดังกล่าว,เผ็ดร้อนซ่า
F109,ชะพลู,vegetable_herb,ผักพื้นบ้าน/สมุนไพร,wind,ธาตุลม,เผ็ดร้อน,recommended,เอกสารจัดเป็นตัวอย่างผักพื้นบ้าน/สมุนไพรสำหรับผู้ที่มีแนวโน้มธาตุลม ซึ่งควรเน้นรส เผ็ดร้อน,อาหารและสมุนไพรตามธาตุเจ้าเรือน.pdf,4,ธาตุเจ้าเรือน1(1).pdf,6-May,โหราเวชศาสตร์ทางการแพทย์แผนไทย (ธาตุเจ้าเรือน).pdf,6,ถอดตามหมวดที่เอกสารจัดไว้; taste_profile เป็นรสที่แนะนำประจำธาตุ ไม่ใช่การยืนยันว่าอาหารรายการนี้มีครบทุกรสดังกล่าว,เผ็ดร้อน
F110,ผักไผ่,vegetable_herb,ผักพื้นบ้าน/สมุนไพร,wind,ธาตุลม,เผ็ดร้อน,recommended,เอกสารจัดเป็นตัวอย่างผักพื้นบ้าน/สมุนไพรสำหรับผู้ที่มีแนวโน้มธาตุลม ซึ่งควรเน้นรส เผ็ดร้อน,อาหารและสมุนไพรตามธาตุเจ้าเรือน.pdf,4,ธาตุเจ้าเรือน1(1).pdf,6-May,โหราเวชศาสตร์ทางการแพทย์แผนไทย (ธาตุเจ้าเรือน).pdf,6,ถอดตามหมวดที่เอกสารจัดไว้; taste_profile เป็นรสที่แนะนำประจำธาตุ ไม่ใช่การยืนยันว่าอาหารรายการนี้มีครบทุกรสดังกล่าว,เผ็ดร้อน
F111,พริกขี้หนู,vegetable_herb,ผักพื้นบ้าน/สมุนไพร,wind,ธาตุลม,เผ็ดร้อน,recommended,เอกสารจัดเป็นตัวอย่างผักพื้นบ้าน/สมุนไพรสำหรับผู้ที่มีแนวโน้มธาตุลม ซึ่งควรเน้นรส เผ็ดร้อน,อาหารและสมุนไพรตามธาตุเจ้าเรือน.pdf,4,ธาตุเจ้าเรือน1(1).pdf,6-May,โหราเวชศาสตร์ทางการแพทย์แผนไทย (ธาตุเจ้าเรือน).pdf,6,ถอดตามหมวดที่เอกสารจัดไว้; taste_profile เป็นรสที่แนะนำประจำธาตุ ไม่ใช่การยืนยันว่าอาหารรายการนี้มีครบทุกรสดังกล่าว,เผ็ด
F112,สะระแหน่,vegetable_herb,ผักพื้นบ้าน/สมุนไพร,wind,ธาตุลม,เผ็ดร้อน,recommended,เอกสารจัดเป็นตัวอย่างผักพื้นบ้าน/สมุนไพรสำหรับผู้ที่มีแนวโน้มธาตุลม ซึ่งควรเน้นรส เผ็ดร้อน,อาหารและสมุนไพรตามธาตุเจ้าเรือน.pdf,4,ธาตุเจ้าเรือน1(1).pdf,6-May,โหราเวชศาสตร์ทางการแพทย์แผนไทย (ธาตุเจ้าเรือน).pdf,6,ถอดตามหมวดที่เอกสารจัดไว้; taste_profile เป็นรสที่แนะนำประจำธาตุ ไม่ใช่การยืนยันว่าอาหารรายการนี้มีครบทุกรสดังกล่าว,เย็น|หอม
F113,หูเสือ,vegetable_herb,ผักพื้นบ้าน/สมุนไพร,wind,ธาตุลม,เผ็ดร้อน,recommended,เอกสารจัดเป็นตัวอย่างผักพื้นบ้าน/สมุนไพรสำหรับผู้ที่มีแนวโน้มธาตุลม ซึ่งควรเน้นรส เผ็ดร้อน,อาหารและสมุนไพรตามธาตุเจ้าเรือน.pdf,4,ธาตุเจ้าเรือน1(1).pdf,6-May,โหราเวชศาสตร์ทางการแพทย์แผนไทย (ธาตุเจ้าเรือน).pdf,6,ถอดตามหมวดที่เอกสารจัดไว้; taste_profile เป็นรสที่แนะนำประจำธาตุ ไม่ใช่การยืนยันว่าอาหารรายการนี้มีครบทุกรสดังกล่าว,เผ็ดร้อนเล็กน้อย
F114,ผักแขยง,vegetable_herb,ผักพื้นบ้าน/สมุนไพร,wind,ธาตุลม,เผ็ดร้อน,recommended,เอกสารจัดเป็นตัวอย่างผักพื้นบ้าน/สมุนไพรสำหรับผู้ที่มีแนวโน้มธาตุลม ซึ่งควรเน้นรส เผ็ดร้อน,อาหารและสมุนไพรตามธาตุเจ้าเรือน.pdf,4,ธาตุเจ้าเรือน1(1).pdf,6-May,โหราเวชศาสตร์ทางการแพทย์แผนไทย (ธาตุเจ้าเรือน).pdf,6,ถอดตามหมวดที่เอกสารจัดไว้; taste_profile เป็นรสที่แนะนำประจำธาตุ ไม่ใช่การยืนยันว่าอาหารรายการนี้มีครบทุกรสดังกล่าว,เผ็ด
F115,ผักชีลาว,vegetable_herb,ผักพื้นบ้าน/สมุนไพร,wind,ธาตุลม,เผ็ดร้อน,recommended,เอกสารจัดเป็นตัวอย่างผักพื้นบ้าน/สมุนไพรสำหรับผู้ที่มีแนวโน้มธาตุลม ซึ่งควรเน้นรส เผ็ดร้อน,อาหารและสมุนไพรตามธาตุเจ้าเรือน.pdf,4,ธาตุเจ้าเรือน1(1).pdf,6-May,โหราเวชศาสตร์ทางการแพทย์แผนไทย (ธาตุเจ้าเรือน).pdf,6,ถอดตามหมวดที่เอกสารจัดไว้; taste_profile เป็นรสที่แนะนำประจำธาตุ ไม่ใช่การยืนยันว่าอาหารรายการนี้มีครบทุกรสดังกล่าว,อมหวาน|ซ่าเล็กน้อยที่ปลายลิ้น
F116,ผักชีล้อม,vegetable_herb,ผักพื้นบ้าน/สมุนไพร,wind,ธาตุลม,เผ็ดร้อน,recommended,เอกสารจัดเป็นตัวอย่างผักพื้นบ้าน/สมุนไพรสำหรับผู้ที่มีแนวโน้มธาตุลม ซึ่งควรเน้นรส เผ็ดร้อน,อาหารและสมุนไพรตามธาตุเจ้าเรือน.pdf,4,ธาตุเจ้าเรือน1(1).pdf,6-May,โหราเวชศาสตร์ทางการแพทย์แผนไทย (ธาตุเจ้าเรือน).pdf,6,ถอดตามหมวดที่เอกสารจัดไว้; taste_profile เป็นรสที่แนะนำประจำธาตุ ไม่ใช่การยืนยันว่าอาหารรายการนี้มีครบทุกรสดังกล่าว,หวาน|ฉุนเล็กน้อย
F117,ยี่หร่า,vegetable_herb,ผักพื้นบ้าน/สมุนไพร,wind,ธาตุลม,เผ็ดร้อน,recommended,เอกสารจัดเป็นตัวอย่างผักพื้นบ้าน/สมุนไพรสำหรับผู้ที่มีแนวโน้มธาตุลม ซึ่งควรเน้นรส เผ็ดร้อน,อาหารและสมุนไพรตามธาตุเจ้าเรือน.pdf,4,ธาตุเจ้าเรือน1(1).pdf,6-May,โหราเวชศาสตร์ทางการแพทย์แผนไทย (ธาตุเจ้าเรือน).pdf,6,ถอดตามหมวดที่เอกสารจัดไว้; taste_profile เป็นรสที่แนะนำประจำธาตุ ไม่ใช่การยืนยันว่าอาหารรายการนี้มีครบทุกรสดังกล่าว,เผ็ดร้อน|หอม
F118,สมอไทย,vegetable_herb,ผักพื้นบ้าน/สมุนไพร,wind,ธาตุลม,เผ็ดร้อน,recommended,เอกสารจัดเป็นตัวอย่างผักพื้นบ้าน/สมุนไพรสำหรับผู้ที่มีแนวโน้มธาตุลม ซึ่งควรเน้นรส เผ็ดร้อน,อาหารและสมุนไพรตามธาตุเจ้าเรือน.pdf,4,ธาตุเจ้าเรือน1(1).pdf,6-May,โหราเวชศาสตร์ทางการแพทย์แผนไทย (ธาตุเจ้าเรือน).pdf,6,ถอดตามหมวดที่เอกสารจัดไว้; taste_profile เป็นรสที่แนะนำประจำธาตุ ไม่ใช่การยืนยันว่าอาหารรายการนี้มีครบทุกรสดังกล่าว,เปรี้ยวอมฝาด|ขมฉุ่มคอ
F119,กานพลู,vegetable_herb,ผักพื้นบ้าน/สมุนไพร,wind,ธาตุลม,เผ็ดร้อน,recommended,เอกสารจัดเป็นตัวอย่างผักพื้นบ้าน/สมุนไพรสำหรับผู้ที่มีแนวโน้มธาตุลม ซึ่งควรเน้นรส เผ็ดร้อน,อาหารและสมุนไพรตามธาตุเจ้าเรือน.pdf,4,ธาตุเจ้าเรือน1(1).pdf,6-May,โหราเวชศาสตร์ทางการแพทย์แผนไทย (ธาตุเจ้าเรือน).pdf,6,ถอดตามหมวดที่เอกสารจัดไว้; taste_profile เป็นรสที่แนะนำประจำธาตุ ไม่ใช่การยืนยันว่าอาหารรายการนี้มีครบทุกรสดังกล่าว,เผ็ดร้อน|หอม
F120,ต้มข่าไก่,menu,เมนูอาหาร,wind,ธาตุลม,เผ็ดร้อน,recommended,เอกสารจัดเป็นตัวอย่างเมนูอาหารสำหรับผู้ที่มีแนวโน้มธาตุลม ซึ่งควรเน้นรส เผ็ดร้อน,อาหารและสมุนไพรตามธาตุเจ้าเรือน.pdf,4,ธาตุเจ้าเรือน1(1).pdf,6-May,โหราเวชศาสตร์ทางการแพทย์แผนไทย (ธาตุเจ้าเรือน).pdf,6,ถอดตามหมวดที่เอกสารจัดไว้; taste_profile เป็นรสที่แนะนำประจำธาตุ ไม่ใช่การยืนยันว่าอาหารรายการนี้มีครบทุกรสดังกล่าว,เปรี้ยวนำ|เค็มตาม|หวานธรรมชาติจากกะทิ
F121,ต้มยำกุ้ง,menu,เมนูอาหาร,wind,ธาตุลม,เผ็ดร้อน,recommended,เอกสารจัดเป็นตัวอย่างเมนูอาหารสำหรับผู้ที่มีแนวโน้มธาตุลม ซึ่งควรเน้นรส เผ็ดร้อน,อาหารและสมุนไพรตามธาตุเจ้าเรือน.pdf,4,ธาตุเจ้าเรือน1(1).pdf,6-May,โหราเวชศาสตร์ทางการแพทย์แผนไทย (ธาตุเจ้าเรือน).pdf,6,ถอดตามหมวดที่เอกสารจัดไว้; taste_profile เป็นรสที่แนะนำประจำธาตุ ไม่ใช่การยืนยันว่าอาหารรายการนี้มีครบทุกรสดังกล่าว,เปรี้ยว|เผ็ด|เค็ม
F122,แกงปลาดุกใส่กระทือ,menu,เมนูอาหาร,wind,ธาตุลม,เผ็ดร้อน,recommended,เอกสารจัดเป็นตัวอย่างเมนูอาหารสำหรับผู้ที่มีแนวโน้มธาตุลม ซึ่งควรเน้นรส เผ็ดร้อน,อาหารและสมุนไพรตามธาตุเจ้าเรือน.pdf,4,ธาตุเจ้าเรือน1(1).pdf,6-May,โหราเวชศาสตร์ทางการแพทย์แผนไทย (ธาตุเจ้าเรือน).pdf,6,ถอดตามหมวดที่เอกสารจัดไว้; taste_profile เป็นรสที่แนะนำประจำธาตุ ไม่ใช่การยืนยันว่าอาหารรายการนี้มีครบทุกรสดังกล่าว,เผ็ดร้อนจัดจ้าน|มันกะทิ|ขมอมหวาน
F123,แกงหอยขมใส่ใบชะพลู,menu,เมนูอาหาร,wind,ธาตุลม,เผ็ดร้อน,recommended,เอกสารจัดเป็นตัวอย่างเมนูอาหารสำหรับผู้ที่มีแนวโน้มธาตุลม ซึ่งควรเน้นรส เผ็ดร้อน,อาหารและสมุนไพรตามธาตุเจ้าเรือน.pdf,4,ธาตุเจ้าเรือน1(1).pdf,6-May,โหราเวชศาสตร์ทางการแพทย์แผนไทย (ธาตุเจ้าเรือน).pdf,6,ถอดตามหมวดที่เอกสารจัดไว้; taste_profile เป็นรสที่แนะนำประจำธาตุ ไม่ใช่การยืนยันว่าอาหารรายการนี้มีครบทุกรสดังกล่าว,มันนัว|เผ็ดร้อน|หวานเค็ม
F124,สมอไทยทุบผัดน้ำมันพืช,menu,เมนูอาหาร,wind,ธาตุลม,เผ็ดร้อน,recommended,เอกสารจัดเป็นตัวอย่างเมนูอาหารสำหรับผู้ที่มีแนวโน้มธาตุลม ซึ่งควรเน้นรส เผ็ดร้อน,อาหารและสมุนไพรตามธาตุเจ้าเรือน.pdf,4,ธาตุเจ้าเรือน1(1).pdf,6-May,โหราเวชศาสตร์ทางการแพทย์แผนไทย (ธาตุเจ้าเรือน).pdf,6,ถอดตามหมวดที่เอกสารจัดไว้; taste_profile เป็นรสที่แนะนำประจำธาตุ ไม่ใช่การยืนยันว่าอาหารรายการนี้มีครบทุกรสดังกล่าว,มันนัว|เปรี้ยว|หวานชุ่มคอ
F125,สมอไทยจิ้มน้ำพริก,menu,เมนูอาหาร,wind,ธาตุลม,เผ็ดร้อน,recommended,เอกสารจัดเป็นตัวอย่างเมนูอาหารสำหรับผู้ที่มีแนวโน้มธาตุลม ซึ่งควรเน้นรส เผ็ดร้อน,อาหารและสมุนไพรตามธาตุเจ้าเรือน.pdf,4,ธาตุเจ้าเรือน1(1).pdf,6-May,โหราเวชศาสตร์ทางการแพทย์แผนไทย (ธาตุเจ้าเรือน).pdf,6,ถอดตามหมวดที่เอกสารจัดไว้; taste_profile เป็นรสที่แนะนำประจำธาตุ ไม่ใช่การยืนยันว่าอาหารรายการนี้มีครบทุกรสดังกล่าว,เปรี้ยว|ฝาด|เผ็ด|เค็ม|มัน
F126,บัวลอยน้ำขิง,snack,อาหารว่าง,wind,ธาตุลม,เผ็ดร้อน,recommended,เอกสารจัดเป็นตัวอย่างอาหารว่างสำหรับผู้ที่มีแนวโน้มธาตุลม ซึ่งควรเน้นรส เผ็ดร้อน,อาหารและสมุนไพรตามธาตุเจ้าเรือน.pdf,4,ธาตุเจ้าเรือน1(1).pdf,6-May,โหราเวชศาสตร์ทางการแพทย์แผนไทย (ธาตุเจ้าเรือน).pdf,6,ถอดตามหมวดที่เอกสารจัดไว้; taste_profile เป็นรสที่แนะนำประจำธาตุ ไม่ใช่การยืนยันว่าอาหารรายการนี้มีครบทุกรสดังกล่าว,หวาน|เผ็ดร้อน
F127,เต้าฮวย,snack,อาหารว่าง,wind,ธาตุลม,เผ็ดร้อน,recommended,เอกสารจัดเป็นตัวอย่างอาหารว่างสำหรับผู้ที่มีแนวโน้มธาตุลม ซึ่งควรเน้นรส เผ็ดร้อน,อาหารและสมุนไพรตามธาตุเจ้าเรือน.pdf,4,ธาตุเจ้าเรือน1(1).pdf,6-May,โหราเวชศาสตร์ทางการแพทย์แผนไทย (ธาตุเจ้าเรือน).pdf,6,ถอดตามหมวดที่เอกสารจัดไว้; taste_profile เป็นรสที่แนะนำประจำธาตุ ไม่ใช่การยืนยันว่าอาหารรายการนี้มีครบทุกรสดังกล่าว,จืดมัน|หวานอมเผ็ดร้อนถ้าเป็นเต้าฮวยน้ำขิง
F128,เต้าทึง,snack,อาหารว่าง,wind,ธาตุลม,เผ็ดร้อน,recommended,เอกสารจัดเป็นตัวอย่างอาหารว่างสำหรับผู้ที่มีแนวโน้มธาตุลม ซึ่งควรเน้นรส เผ็ดร้อน,อาหารและสมุนไพรตามธาตุเจ้าเรือน.pdf,4,ธาตุเจ้าเรือน1(1).pdf,6-May,โหราเวชศาสตร์ทางการแพทย์แผนไทย (ธาตุเจ้าเรือน).pdf,6,ถอดตามหมวดที่เอกสารจัดไว้; taste_profile เป็นรสที่แนะนำประจำธาตุ ไม่ใช่การยืนยันว่าอาหารรายการนี้มีครบทุกรสดังกล่าว,หวาน
F129,มันต้มขิง,snack,อาหารว่าง,wind,ธาตุลม,เผ็ดร้อน,recommended,เอกสารจัดเป็นตัวอย่างอาหารว่างสำหรับผู้ที่มีแนวโน้มธาตุลม ซึ่งควรเน้นรส เผ็ดร้อน,อาหารและสมุนไพรตามธาตุเจ้าเรือน.pdf,4,ธาตุเจ้าเรือน1(1).pdf,6-May,โหราเวชศาสตร์ทางการแพทย์แผนไทย (ธาตุเจ้าเรือน).pdf,6,ถอดตามหมวดที่เอกสารจัดไว้; taste_profile เป็นรสที่แนะนำประจำธาตุ ไม่ใช่การยืนยันว่าอาหารรายการนี้มีครบทุกรสดังกล่าว,หวาน|เผ็ดร้อน
F130,ถั่วเขียวต้มขิง,snack,อาหารว่าง,wind,ธาตุลม,เผ็ดร้อน,recommended,เอกสารจัดเป็นตัวอย่างอาหารว่างสำหรับผู้ที่มีแนวโน้มธาตุลม ซึ่งควรเน้นรส เผ็ดร้อน,อาหารและสมุนไพรตามธาตุเจ้าเรือน.pdf,4,ธาตุเจ้าเรือน1(1).pdf,6-May,โหราเวชศาสตร์ทางการแพทย์แผนไทย (ธาตุเจ้าเรือน).pdf,6,ถอดตามหมวดที่เอกสารจัดไว้; taste_profile เป็นรสที่แนะนำประจำธาตุ ไม่ใช่การยืนยันว่าอาหารรายการนี้มีครบทุกรสดังกล่าว,หวาน|เผ็ดร้อน
F131,เมี่ยงคำ,snack,อาหารว่าง,wind,ธาตุลม,เผ็ดร้อน,recommended,เอกสารจัดเป็นตัวอย่างอาหารว่างสำหรับผู้ที่มีแนวโน้มธาตุลม ซึ่งควรเน้นรส เผ็ดร้อน,อาหารและสมุนไพรตามธาตุเจ้าเรือน.pdf,4,ธาตุเจ้าเรือน1(1).pdf,6-May,โหราเวชศาสตร์ทางการแพทย์แผนไทย (ธาตุเจ้าเรือน).pdf,6,ถอดตามหมวดที่เอกสารจัดไว้; taste_profile เป็นรสที่แนะนำประจำธาตุ ไม่ใช่การยืนยันว่าอาหารรายการนี้มีครบทุกรสดังกล่าว,หวาน|เค็ม|เปรี้ยว|เผ็ด
F132,น้ำขิง,drink,เครื่องดื่ม,wind,ธาตุลม,เผ็ดร้อน,recommended,เอกสารจัดเป็นตัวอย่างเครื่องดื่มสำหรับผู้ที่มีแนวโน้มธาตุลม ซึ่งควรเน้นรส เผ็ดร้อน,อาหารและสมุนไพรตามธาตุเจ้าเรือน.pdf,4,ธาตุเจ้าเรือน1(1).pdf,6-May,โหราเวชศาสตร์ทางการแพทย์แผนไทย (ธาตุเจ้าเรือน).pdf,6,ถอดตามหมวดที่เอกสารจัดไว้; taste_profile เป็นรสที่แนะนำประจำธาตุ ไม่ใช่การยืนยันว่าอาหารรายการนี้มีครบทุกรสดังกล่าว,เผ็ดร้อน|ซ่า|อมหวานชุ่มคอ
F133,น้ำตะไคร้,drink,เครื่องดื่ม,wind,ธาตุลม,เผ็ดร้อน,recommended,เอกสารจัดเป็นตัวอย่างเครื่องดื่มสำหรับผู้ที่มีแนวโน้มธาตุลม ซึ่งควรเน้นรส เผ็ดร้อน,อาหารและสมุนไพรตามธาตุเจ้าเรือน.pdf,4,ธาตุเจ้าเรือน1(1).pdf,6-May,โหราเวชศาสตร์ทางการแพทย์แผนไทย (ธาตุเจ้าเรือน).pdf,6,ถอดตามหมวดที่เอกสารจัดไว้; taste_profile เป็นรสที่แนะนำประจำธาตุ ไม่ใช่การยืนยันว่าอาหารรายการนี้มีครบทุกรสดังกล่าว,จืดอมหวาน|เผ็ดซ่าบางๆ
F134,น้ำข่า,drink,เครื่องดื่ม,wind,ธาตุลม,เผ็ดร้อน,recommended,เอกสารจัดเป็นตัวอย่างเครื่องดื่มสำหรับผู้ที่มีแนวโน้มธาตุลม ซึ่งควรเน้นรส เผ็ดร้อน,อาหารและสมุนไพรตามธาตุเจ้าเรือน.pdf,4,ธาตุเจ้าเรือน1(1).pdf,6-May,โหราเวชศาสตร์ทางการแพทย์แผนไทย (ธาตุเจ้าเรือน).pdf,6,ถอดตามหมวดที่เอกสารจัดไว้; taste_profile เป็นรสที่แนะนำประจำธาตุ ไม่ใช่การยืนยันว่าอาหารรายการนี้มีครบทุกรสดังกล่าว,เผ็ดซ่า|ร้อนลึก|ขมอมฝาด
F135,น้ำกานพลู,drink,เครื่องดื่ม,wind,ธาตุลม,เผ็ดร้อน,recommended,เอกสารจัดเป็นตัวอย่างเครื่องดื่มสำหรับผู้ที่มีแนวโน้มธาตุลม ซึ่งควรเน้นรส เผ็ดร้อน,อาหารและสมุนไพรตามธาตุเจ้าเรือน.pdf,4,ธาตุเจ้าเรือน1(1).pdf,6-May,โหราเวชศาสตร์ทางการแพทย์แผนไทย (ธาตุเจ้าเรือน).pdf,6,ถอดตามหมวดที่เอกสารจัดไว้; taste_profile เป็นรสที่แนะนำประจำธาตุ ไม่ใช่การยืนยันว่าอาหารรายการนี้มีครบทุกรสดังกล่าว,เผ็ดปร่า|ซ่าชาลิ้น|ขมอมหวาน
F136,อาหารหวานมาก,avoid_rule,ข้อควรหลีกเลี่ยง,wind,ธาตุลม,เผ็ดร้อน,avoid,ควรหลีกเลี่ยง เนื่องจากการบริโภคอาหารรสหวานในปริมาณมากอาจทำให้เกิดการหมักในระบบทางเดินอาหาร ส่งผลให้เกิดอาการท้องอืด แน่นท้อง หรือมีลมในช่องท้องมากขึ้น ในผู้ที่มีธาตุลม,ธาตุเจ้าเรือน1(1).pdf,6-May,,,โหราเวชศาสตร์ทางการแพทย์แผนไทย (ธาตุเจ้าเรือน).pdf,6,เป็นข้อควรระวัง/หลีกเลี่ยงระดับกลุ่มอาหาร ไม่ใช่เมนูแนะนำ,หวาน
F137,อาหารมันมาก,avoid_rule,ข้อควรหลีกเลี่ยง,wind,ธาตุลม,เผ็ดร้อน,avoid,ควรหลีกเลี่ยง เนื่องจากเป็นอาหารที่ย่อยได้ช้า อาจทำให้ระบบย่อยอาหารทำงานหนัก ส่งผลให้เกิดอาการท้องอืด แน่นท้อง และลมในทางเดินอาหารได้ง่าย ในผู้ที่มีธาตุลม,ธาตุเจ้าเรือน1(1).pdf,6-May,,,โหราเวชศาสตร์ทางการแพทย์แผนไทย (ธาตุเจ้าเรือน).pdf,6,เป็นข้อควรระวัง/หลีกเลี่ยงระดับกลุ่มอาหาร ไม่ใช่เมนูแนะนำ,มัน
F138,ผักบุ้ง,vegetable_herb,ผักพื้นบ้าน/สมุนไพร,fire,ธาตุไฟ,ขม|เย็น|จืด,recommended,"เอกสารจัดเป็นตัวอย่างผักพื้นบ้าน/สมุนไพรสำหรับผู้ที่มีแนวโน้มธาตุไฟ ซึ่งควรเน้นรส ขม, เย็น, จืด",อาหารและสมุนไพรตามธาตุเจ้าเรือน.pdf,5,ธาตุเจ้าเรือน1(1).pdf,7-Jun,โหราเวชศาสตร์ทางการแพทย์แผนไทย (ธาตุเจ้าเรือน).pdf,6,ถอดตามหมวดที่เอกสารจัดไว้; taste_profile เป็นรสที่แนะนำประจำธาตุ ไม่ใช่การยืนยันว่าอาหารรายการนี้มีครบทุกรสดังกล่าว,จืด|หวานเล็กน้อย
F139,ตำลึง,vegetable_herb,ผักพื้นบ้าน/สมุนไพร,fire,ธาตุไฟ,ขม|เย็น|จืด,recommended,"เอกสารจัดเป็นตัวอย่างผักพื้นบ้าน/สมุนไพรสำหรับผู้ที่มีแนวโน้มธาตุไฟ ซึ่งควรเน้นรส ขม, เย็น, จืด",อาหารและสมุนไพรตามธาตุเจ้าเรือน.pdf,5,ธาตุเจ้าเรือน1(1).pdf,7-Jun,โหราเวชศาสตร์ทางการแพทย์แผนไทย (ธาตุเจ้าเรือน).pdf,6,ถอดตามหมวดที่เอกสารจัดไว้; taste_profile เป็นรสที่แนะนำประจำธาตุ ไม่ใช่การยืนยันว่าอาหารรายการนี้มีครบทุกรสดังกล่าว,จืด|หวานเล็กน้อย
F140,ผักกระเฉด,vegetable_herb,ผักพื้นบ้าน/สมุนไพร,fire,ธาตุไฟ,ขม|เย็น|จืด,recommended,"เอกสารจัดเป็นตัวอย่างผักพื้นบ้าน/สมุนไพรสำหรับผู้ที่มีแนวโน้มธาตุไฟ ซึ่งควรเน้นรส ขม, เย็น, จืด",อาหารและสมุนไพรตามธาตุเจ้าเรือน.pdf,5,ธาตุเจ้าเรือน1(1).pdf,7-Jun,โหราเวชศาสตร์ทางการแพทย์แผนไทย (ธาตุเจ้าเรือน).pdf,6,ถอดตามหมวดที่เอกสารจัดไว้; taste_profile เป็นรสที่แนะนำประจำธาตุ ไม่ใช่การยืนยันว่าอาหารรายการนี้มีครบทุกรสดังกล่าว,จืด|มัน|หวานอ่อนๆ
F141,ผักกระสัง,vegetable_herb,ผักพื้นบ้าน/สมุนไพร,fire,ธาตุไฟ,ขม|เย็น|จืด,recommended,"เอกสารจัดเป็นตัวอย่างผักพื้นบ้าน/สมุนไพรสำหรับผู้ที่มีแนวโน้มธาตุไฟ ซึ่งควรเน้นรส ขม, เย็น, จืด",อาหารและสมุนไพรตามธาตุเจ้าเรือน.pdf,5,ธาตุเจ้าเรือน1(1).pdf,7-Jun,โหราเวชศาสตร์ทางการแพทย์แผนไทย (ธาตุเจ้าเรือน).pdf,6,ถอดตามหมวดที่เอกสารจัดไว้; taste_profile เป็นรสที่แนะนำประจำธาตุ ไม่ใช่การยืนยันว่าอาหารรายการนี้มีครบทุกรสดังกล่าว,เผ็ดหอม
F142,สายบัว,vegetable_herb,ผักพื้นบ้าน/สมุนไพร,fire,ธาตุไฟ,ขม|เย็น|จืด,recommended,"เอกสารจัดเป็นตัวอย่างผักพื้นบ้าน/สมุนไพรสำหรับผู้ที่มีแนวโน้มธาตุไฟ ซึ่งควรเน้นรส ขม, เย็น, จืด",อาหารและสมุนไพรตามธาตุเจ้าเรือน.pdf,5,ธาตุเจ้าเรือน1(1).pdf,7-Jun,โหราเวชศาสตร์ทางการแพทย์แผนไทย (ธาตุเจ้าเรือน).pdf,6,ถอดตามหมวดที่เอกสารจัดไว้; taste_profile เป็นรสที่แนะนำประจำธาตุ ไม่ใช่การยืนยันว่าอาหารรายการนี้มีครบทุกรสดังกล่าว,จืด|หวานเล็กน้อย
F143,ผักกาดจีน,vegetable_herb,ผักพื้นบ้าน/สมุนไพร,fire,ธาตุไฟ,ขม|เย็น|จืด,recommended,"เอกสารจัดเป็นตัวอย่างผักพื้นบ้าน/สมุนไพรสำหรับผู้ที่มีแนวโน้มธาตุไฟ ซึ่งควรเน้นรส ขม, เย็น, จืด",อาหารและสมุนไพรตามธาตุเจ้าเรือน.pdf,5,ธาตุเจ้าเรือน1(1).pdf,7-Jun,โหราเวชศาสตร์ทางการแพทย์แผนไทย (ธาตุเจ้าเรือน).pdf,6,ถอดตามหมวดที่เอกสารจัดไว้; taste_profile เป็นรสที่แนะนำประจำธาตุ ไม่ใช่การยืนยันว่าอาหารรายการนี้มีครบทุกรสดังกล่าว,หวานฉ่ำ|จืดมัน
F144,ผักกาดนา,vegetable_herb,ผักพื้นบ้าน/สมุนไพร,fire,ธาตุไฟ,ขม|เย็น|จืด,recommended,"เอกสารจัดเป็นตัวอย่างผักพื้นบ้าน/สมุนไพรสำหรับผู้ที่มีแนวโน้มธาตุไฟ ซึ่งควรเน้นรส ขม, เย็น, จืด",อาหารและสมุนไพรตามธาตุเจ้าเรือน.pdf,5,ธาตุเจ้าเรือน1(1).pdf,7-Jun,โหราเวชศาสตร์ทางการแพทย์แผนไทย (ธาตุเจ้าเรือน).pdf,6,ถอดตามหมวดที่เอกสารจัดไว้; taste_profile เป็นรสที่แนะนำประจำธาตุ ไม่ใช่การยืนยันว่าอาหารรายการนี้มีครบทุกรสดังกล่าว,เผ็ดร้อน|ขมเรื่อๆ
F145,ผักกาดนกเขา,vegetable_herb,ผักพื้นบ้าน/สมุนไพร,fire,ธาตุไฟ,ขม|เย็น|จืด,recommended,"เอกสารจัดเป็นตัวอย่างผักพื้นบ้าน/สมุนไพรสำหรับผู้ที่มีแนวโน้มธาตุไฟ ซึ่งควรเน้นรส ขม, เย็น, จืด",อาหารและสมุนไพรตามธาตุเจ้าเรือน.pdf,5,ธาตุเจ้าเรือน1(1).pdf,7-Jun,โหราเวชศาสตร์ทางการแพทย์แผนไทย (ธาตุเจ้าเรือน).pdf,6,ถอดตามหมวดที่เอกสารจัดไว้; taste_profile เป็นรสที่แนะนำประจำธาตุ ไม่ใช่การยืนยันว่าอาหารรายการนี้มีครบทุกรสดังกล่าว,จืดมัน
F146,มะระ,vegetable_herb,ผักพื้นบ้าน/สมุนไพร,fire,ธาตุไฟ,ขม|เย็น|จืด,recommended,"เอกสารจัดเป็นตัวอย่างผักพื้นบ้าน/สมุนไพรสำหรับผู้ที่มีแนวโน้มธาตุไฟ ซึ่งควรเน้นรส ขม, เย็น, จืด",อาหารและสมุนไพรตามธาตุเจ้าเรือน.pdf,5,ธาตุเจ้าเรือน1(1).pdf,7-Jun,โหราเวชศาสตร์ทางการแพทย์แผนไทย (ธาตุเจ้าเรือน).pdf,6,ถอดตามหมวดที่เอกสารจัดไว้; taste_profile เป็นรสที่แนะนำประจำธาตุ ไม่ใช่การยืนยันว่าอาหารรายการนี้มีครบทุกรสดังกล่าว,ขม
F147,ผักปรัง,vegetable_herb,ผักพื้นบ้าน/สมุนไพร,fire,ธาตุไฟ,ขม|เย็น|จืด,recommended,"เอกสารจัดเป็นตัวอย่างผักพื้นบ้าน/สมุนไพรสำหรับผู้ที่มีแนวโน้มธาตุไฟ ซึ่งควรเน้นรส ขม, เย็น, จืด",อาหารและสมุนไพรตามธาตุเจ้าเรือน.pdf,5,ธาตุเจ้าเรือน1(1).pdf,7-Jun,โหราเวชศาสตร์ทางการแพทย์แผนไทย (ธาตุเจ้าเรือน).pdf,6,ถอดตามหมวดที่เอกสารจัดไว้; taste_profile เป็นรสที่แนะนำประจำธาตุ ไม่ใช่การยืนยันว่าอาหารรายการนี้มีครบทุกรสดังกล่าว,จืด|มัน|หวานอ่อนๆ
F148,มะรุม,vegetable_herb,ผักพื้นบ้าน/สมุนไพร,fire,ธาตุไฟ,ขม|เย็น|จืด,recommended,"เอกสารจัดเป็นตัวอย่างผักพื้นบ้าน/สมุนไพรสำหรับผู้ที่มีแนวโน้มธาตุไฟ ซึ่งควรเน้นรส ขม, เย็น, จืด",อาหารและสมุนไพรตามธาตุเจ้าเรือน.pdf,5,ธาตุเจ้าเรือน1(1).pdf,7-Jun,โหราเวชศาสตร์ทางการแพทย์แผนไทย (ธาตุเจ้าเรือน).pdf,6,ถอดตามหมวดที่เอกสารจัดไว้; taste_profile เป็นรสที่แนะนำประจำธาตุ ไม่ใช่การยืนยันว่าอาหารรายการนี้มีครบทุกรสดังกล่าว,จืด|มัน|หวานอ่อนๆ
F149,มะเขือยาว,vegetable_herb,ผักพื้นบ้าน/สมุนไพร,fire,ธาตุไฟ,ขม|เย็น|จืด,recommended,"เอกสารจัดเป็นตัวอย่างผักพื้นบ้าน/สมุนไพรสำหรับผู้ที่มีแนวโน้มธาตุไฟ ซึ่งควรเน้นรส ขม, เย็น, จืด",อาหารและสมุนไพรตามธาตุเจ้าเรือน.pdf,5,ธาตุเจ้าเรือน1(1).pdf,7-Jun,โหราเวชศาสตร์ทางการแพทย์แผนไทย (ธาตุเจ้าเรือน).pdf,6,ถอดตามหมวดที่เอกสารจัดไว้; taste_profile เป็นรสที่แนะนำประจำธาตุ ไม่ใช่การยืนยันว่าอาหารรายการนี้มีครบทุกรสดังกล่าว,จืด|หวานเล็กน้อย
F150,ผักหนาม,vegetable_herb,ผักพื้นบ้าน/สมุนไพร,fire,ธาตุไฟ,ขม|เย็น|จืด,recommended,"เอกสารจัดเป็นตัวอย่างผักพื้นบ้าน/สมุนไพรสำหรับผู้ที่มีแนวโน้มธาตุไฟ ซึ่งควรเน้นรส ขม, เย็น, จืด",อาหารและสมุนไพรตามธาตุเจ้าเรือน.pdf,5,ธาตุเจ้าเรือน1(1).pdf,7-Jun,โหราเวชศาสตร์ทางการแพทย์แผนไทย (ธาตุเจ้าเรือน).pdf,6,ถอดตามหมวดที่เอกสารจัดไว้; taste_profile เป็นรสที่แนะนำประจำธาตุ ไม่ใช่การยืนยันว่าอาหารรายการนี้มีครบทุกรสดังกล่าว,จืด|มัน|หวานธรรมชาติ|ฝาดอ่อนๆ
F151,ยอดมันเทศ,vegetable_herb,ผักพื้นบ้าน/สมุนไพร,fire,ธาตุไฟ,ขม|เย็น|จืด,recommended,"เอกสารจัดเป็นตัวอย่างผักพื้นบ้าน/สมุนไพรสำหรับผู้ที่มีแนวโน้มธาตุไฟ ซึ่งควรเน้นรส ขม, เย็น, จืด",อาหารและสมุนไพรตามธาตุเจ้าเรือน.pdf,5,ธาตุเจ้าเรือน1(1).pdf,7-Jun,โหราเวชศาสตร์ทางการแพทย์แผนไทย (ธาตุเจ้าเรือน).pdf,6,ถอดตามหมวดที่เอกสารจัดไว้; taste_profile เป็นรสที่แนะนำประจำธาตุ ไม่ใช่การยืนยันว่าอาหารรายการนี้มีครบทุกรสดังกล่าว,จืด|มัน|หวานอ่อนๆ
F152,กระเจี๊ยบมอญ,vegetable_herb,ผักพื้นบ้าน/สมุนไพร,fire,ธาตุไฟ,ขม|เย็น|จืด,recommended,"เอกสารจัดเป็นตัวอย่างผักพื้นบ้าน/สมุนไพรสำหรับผู้ที่มีแนวโน้มธาตุไฟ ซึ่งควรเน้นรส ขม, เย็น, จืด",อาหารและสมุนไพรตามธาตุเจ้าเรือน.pdf,5,ธาตุเจ้าเรือน1(1).pdf,7-Jun,โหราเวชศาสตร์ทางการแพทย์แผนไทย (ธาตุเจ้าเรือน).pdf,6,ถอดตามหมวดที่เอกสารจัดไว้; taste_profile เป็นรสที่แนะนำประจำธาตุ ไม่ใช่การยืนยันว่าอาหารรายการนี้มีครบทุกรสดังกล่าว,จืด|หวานเล็กน้อย
F153,สะเดา,vegetable_herb,ผักพื้นบ้าน/สมุนไพร,fire,ธาตุไฟ,ขม|เย็น|จืด,recommended,"เอกสารจัดเป็นตัวอย่างผักพื้นบ้าน/สมุนไพรสำหรับผู้ที่มีแนวโน้มธาตุไฟ ซึ่งควรเน้นรส ขม, เย็น, จืด",อาหารและสมุนไพรตามธาตุเจ้าเรือน.pdf,5,ธาตุเจ้าเรือน1(1).pdf,7-Jun,โหราเวชศาสตร์ทางการแพทย์แผนไทย (ธาตุเจ้าเรือน).pdf,6,ถอดตามหมวดที่เอกสารจัดไว้; taste_profile เป็นรสที่แนะนำประจำธาตุ ไม่ใช่การยืนยันว่าอาหารรายการนี้มีครบทุกรสดังกล่าว,ขม
F154,ยอดฟักทอง,vegetable_herb,ผักพื้นบ้าน/สมุนไพร,fire,ธาตุไฟ,ขม|เย็น|จืด,recommended,"เอกสารจัดเป็นตัวอย่างผักพื้นบ้าน/สมุนไพรสำหรับผู้ที่มีแนวโน้มธาตุไฟ ซึ่งควรเน้นรส ขม, เย็น, จืด",อาหารและสมุนไพรตามธาตุเจ้าเรือน.pdf,5,ธาตุเจ้าเรือน1(1).pdf,7-Jun,โหราเวชศาสตร์ทางการแพทย์แผนไทย (ธาตุเจ้าเรือน).pdf,6,ถอดตามหมวดที่เอกสารจัดไว้; taste_profile เป็นรสที่แนะนำประจำธาตุ ไม่ใช่การยืนยันว่าอาหารรายการนี้มีครบทุกรสดังกล่าว,หวาน|มัน
F155,หยวกกล้วย,vegetable_herb,ผักพื้นบ้าน/สมุนไพร,fire,ธาตุไฟ,ขม|เย็น|จืด,recommended,"เอกสารจัดเป็นตัวอย่างผักพื้นบ้าน/สมุนไพรสำหรับผู้ที่มีแนวโน้มธาตุไฟ ซึ่งควรเน้นรส ขม, เย็น, จืด",อาหารและสมุนไพรตามธาตุเจ้าเรือน.pdf,5,ธาตุเจ้าเรือน1(1).pdf,7-Jun,โหราเวชศาสตร์ทางการแพทย์แผนไทย (ธาตุเจ้าเรือน).pdf,6,ถอดตามหมวดที่เอกสารจัดไว้; taste_profile เป็นรสที่แนะนำประจำธาตุ ไม่ใช่การยืนยันว่าอาหารรายการนี้มีครบทุกรสดังกล่าว,จืดมัน
F156,ใบหม่อน,vegetable_herb,ผักพื้นบ้าน/สมุนไพร,fire,ธาตุไฟ,ขม|เย็น|จืด,recommended,"เอกสารจัดเป็นตัวอย่างผักพื้นบ้าน/สมุนไพรสำหรับผู้ที่มีแนวโน้มธาตุไฟ ซึ่งควรเน้นรส ขม, เย็น, จืด",อาหารและสมุนไพรตามธาตุเจ้าเรือน.pdf,5,ธาตุเจ้าเรือน1(1).pdf,7-Jun,โหราเวชศาสตร์ทางการแพทย์แผนไทย (ธาตุเจ้าเรือน).pdf,6,ถอดตามหมวดที่เอกสารจัดไว้; taste_profile เป็นรสที่แนะนำประจำธาตุ ไม่ใช่การยืนยันว่าอาหารรายการนี้มีครบทุกรสดังกล่าว,จืด|มัน|หวานอ่อนๆ
F157,กุยช่าย,vegetable_herb,ผักพื้นบ้าน/สมุนไพร,fire,ธาตุไฟ,ขม|เย็น|จืด,recommended,"เอกสารจัดเป็นตัวอย่างผักพื้นบ้าน/สมุนไพรสำหรับผู้ที่มีแนวโน้มธาตุไฟ ซึ่งควรเน้นรส ขม, เย็น, จืด",อาหารและสมุนไพรตามธาตุเจ้าเรือน.pdf,5,ธาตุเจ้าเรือน1(1).pdf,7-Jun,โหราเวชศาสตร์ทางการแพทย์แผนไทย (ธาตุเจ้าเรือน).pdf,6,ถอดตามหมวดที่เอกสารจัดไว้; taste_profile เป็นรสที่แนะนำประจำธาตุ ไม่ใช่การยืนยันว่าอาหารรายการนี้มีครบทุกรสดังกล่าว,เผ็ดอ่อน|หอม
F158,แตงโม,fruit,ผลไม้,fire,ธาตุไฟ,ขม|เย็น|จืด,recommended,"เอกสารจัดเป็นตัวอย่างผลไม้สำหรับผู้ที่มีแนวโน้มธาตุไฟ ซึ่งควรเน้นรส ขม, เย็น, จืด",อาหารและสมุนไพรตามธาตุเจ้าเรือน.pdf,5,ธาตุเจ้าเรือน1(1).pdf,7-Jun,โหราเวชศาสตร์ทางการแพทย์แผนไทย (ธาตุเจ้าเรือน).pdf,6,ถอดตามหมวดที่เอกสารจัดไว้; taste_profile เป็นรสที่แนะนำประจำธาตุ ไม่ใช่การยืนยันว่าอาหารรายการนี้มีครบทุกรสดังกล่าว,หวาน
F159,มันแกว,fruit,ผลไม้,fire,ธาตุไฟ,ขม|เย็น|จืด,recommended,"เอกสารจัดเป็นตัวอย่างผลไม้สำหรับผู้ที่มีแนวโน้มธาตุไฟ ซึ่งควรเน้นรส ขม, เย็น, จืด",อาหารและสมุนไพรตามธาตุเจ้าเรือน.pdf,5,ธาตุเจ้าเรือน1(1).pdf,7-Jun,โหราเวชศาสตร์ทางการแพทย์แผนไทย (ธาตุเจ้าเรือน).pdf,6,ถอดตามหมวดที่เอกสารจัดไว้; taste_profile เป็นรสที่แนะนำประจำธาตุ ไม่ใช่การยืนยันว่าอาหารรายการนี้มีครบทุกรสดังกล่าว,หวานเล็กน้อย|จืด
F160,พุทรา,fruit,ผลไม้,fire,ธาตุไฟ,ขม|เย็น|จืด,recommended,"เอกสารจัดเป็นตัวอย่างผลไม้สำหรับผู้ที่มีแนวโน้มธาตุไฟ ซึ่งควรเน้นรส ขม, เย็น, จืด",อาหารและสมุนไพรตามธาตุเจ้าเรือน.pdf,5,ธาตุเจ้าเรือน1(1).pdf,7-Jun,โหราเวชศาสตร์ทางการแพทย์แผนไทย (ธาตุเจ้าเรือน).pdf,6,ถอดตามหมวดที่เอกสารจัดไว้; taste_profile เป็นรสที่แนะนำประจำธาตุ ไม่ใช่การยืนยันว่าอาหารรายการนี้มีครบทุกรสดังกล่าว,หวานอมเปรี้ยว|มันจืด|ฝาดบางๆ
F161,แอปเปิล,fruit,ผลไม้,fire,ธาตุไฟ,ขม|เย็น|จืด,recommended,"เอกสารจัดเป็นตัวอย่างผลไม้สำหรับผู้ที่มีแนวโน้มธาตุไฟ ซึ่งควรเน้นรส ขม, เย็น, จืด",อาหารและสมุนไพรตามธาตุเจ้าเรือน.pdf,5,ธาตุเจ้าเรือน1(1).pdf,7-Jun,โหราเวชศาสตร์ทางการแพทย์แผนไทย (ธาตุเจ้าเรือน).pdf,6,ถอดตามหมวดที่เอกสารจัดไว้; taste_profile เป็นรสที่แนะนำประจำธาตุ ไม่ใช่การยืนยันว่าอาหารรายการนี้มีครบทุกรสดังกล่าว,หวาน|เปรี้ยว
F162,ผัดผักบุ้ง,menu,เมนูอาหาร,fire,ธาตุไฟ,ขม|เย็น|จืด,recommended,"เอกสารจัดเป็นตัวอย่างเมนูอาหารสำหรับผู้ที่มีแนวโน้มธาตุไฟ ซึ่งควรเน้นรส ขม, เย็น, จืด",อาหารและสมุนไพรตามธาตุเจ้าเรือน.pdf,5,ธาตุเจ้าเรือน1(1).pdf,7-Jun,โหราเวชศาสตร์ทางการแพทย์แผนไทย (ธาตุเจ้าเรือน).pdf,6,ถอดตามหมวดที่เอกสารจัดไว้; taste_profile เป็นรสที่แนะนำประจำธาตุ ไม่ใช่การยืนยันว่าอาหารรายการนี้มีครบทุกรสดังกล่าว,เค็ม|มัน|นัวกลมลกล่อม|เผ็ดจัดจ้าน|อมหวานธรรมชาติ
F163,แกงจืดตำลึง,menu,เมนูอาหาร,fire,ธาตุไฟ,ขม|เย็น|จืด,recommended,"เอกสารจัดเป็นตัวอย่างเมนูอาหารสำหรับผู้ที่มีแนวโน้มธาตุไฟ ซึ่งควรเน้นรส ขม, เย็น, จืด",อาหารและสมุนไพรตามธาตุเจ้าเรือน.pdf,5,ธาตุเจ้าเรือน1(1).pdf,7-Jun,โหราเวชศาสตร์ทางการแพทย์แผนไทย (ธาตุเจ้าเรือน).pdf,6,ถอดตามหมวดที่เอกสารจัดไว้; taste_profile เป็นรสที่แนะนำประจำธาตุ ไม่ใช่การยืนยันว่าอาหารรายการนี้มีครบทุกรสดังกล่าว,หวานน้ำต้มผัก|จืดมัน
F164,ผัดสายบัวใส่พริก,menu,เมนูอาหาร,fire,ธาตุไฟ,ขม|เย็น|จืด,recommended,"เอกสารจัดเป็นตัวอย่างเมนูอาหารสำหรับผู้ที่มีแนวโน้มธาตุไฟ ซึ่งควรเน้นรส ขม, เย็น, จืด",อาหารและสมุนไพรตามธาตุเจ้าเรือน.pdf,5,ธาตุเจ้าเรือน1(1).pdf,7-Jun,โหราเวชศาสตร์ทางการแพทย์แผนไทย (ธาตุเจ้าเรือน).pdf,6,ถอดตามหมวดที่เอกสารจัดไว้; taste_profile เป็นรสที่แนะนำประจำธาตุ ไม่ใช่การยืนยันว่าอาหารรายการนี้มีครบทุกรสดังกล่าว,เค็ม|มัน|นัวกลมลก่อม|เผ็ดจัดจ้าน
F165,แกงส้มมะรุม,menu,เมนูอาหาร,fire,ธาตุไฟ,ขม|เย็น|จืด,recommended,"เอกสารจัดเป็นตัวอย่างเมนูอาหารสำหรับผู้ที่มีแนวโน้มธาตุไฟ ซึ่งควรเน้นรส ขม, เย็น, จืด",อาหารและสมุนไพรตามธาตุเจ้าเรือน.pdf,5,ธาตุเจ้าเรือน1(1).pdf,7-Jun,โหราเวชศาสตร์ทางการแพทย์แผนไทย (ธาตุเจ้าเรือน).pdf,6,ถอดตามหมวดที่เอกสารจัดไว้; taste_profile เป็นรสที่แนะนำประจำธาตุ ไม่ใช่การยืนยันว่าอาหารรายการนี้มีครบทุกรสดังกล่าว,เปรี้ยวนำ|เผ็ด|หวาน|เค็ม
F166,แกงคูน,menu,เมนูอาหาร,fire,ธาตุไฟ,ขม|เย็น|จืด,recommended,"เอกสารจัดเป็นตัวอย่างเมนูอาหารสำหรับผู้ที่มีแนวโน้มธาตุไฟ ซึ่งควรเน้นรส ขม, เย็น, จืด",อาหารและสมุนไพรตามธาตุเจ้าเรือน.pdf,5,ธาตุเจ้าเรือน1(1).pdf,7-Jun,โหราเวชศาสตร์ทางการแพทย์แผนไทย (ธาตุเจ้าเรือน).pdf,6,ถอดตามหมวดที่เอกสารจัดไว้; taste_profile เป็นรสที่แนะนำประจำธาตุ ไม่ใช่การยืนยันว่าอาหารรายการนี้มีครบทุกรสดังกล่าว,เปรี้ยว|เค็ม|เผ็ด|จืดมันฉ่ำน้ำจากตัวก้านคูน
F167,แกงจืดมะระ,menu,เมนูอาหาร,fire,ธาตุไฟ,ขม|เย็น|จืด,recommended,"เอกสารจัดเป็นตัวอย่างเมนูอาหารสำหรับผู้ที่มีแนวโน้มธาตุไฟ ซึ่งควรเน้นรส ขม, เย็น, จืด",อาหารและสมุนไพรตามธาตุเจ้าเรือน.pdf,5,ธาตุเจ้าเรือน1(1).pdf,7-Jun,โหราเวชศาสตร์ทางการแพทย์แผนไทย (ธาตุเจ้าเรือน).pdf,6,ถอดตามหมวดที่เอกสารจัดไว้; taste_profile เป็นรสที่แนะนำประจำธาตุ ไม่ใช่การยืนยันว่าอาหารรายการนี้มีครบทุกรสดังกล่าว,จืด|มัน|นัวกลมกล่อม|ขมเบาๆที่ปลายลิ้น
F168,แกงส้มหยวกกล้วยใส่ปลาช่อน,menu,เมนูอาหาร,fire,ธาตุไฟ,ขม|เย็น|จืด,recommended,"เอกสารจัดเป็นตัวอย่างเมนูอาหารสำหรับผู้ที่มีแนวโน้มธาตุไฟ ซึ่งควรเน้นรส ขม, เย็น, จืด",อาหารและสมุนไพรตามธาตุเจ้าเรือน.pdf,5,ธาตุเจ้าเรือน1(1).pdf,7-Jun,โหราเวชศาสตร์ทางการแพทย์แผนไทย (ธาตุเจ้าเรือน).pdf,6,ถอดตามหมวดที่เอกสารจัดไว้; taste_profile เป็นรสที่แนะนำประจำธาตุ ไม่ใช่การยืนยันว่าอาหารรายการนี้มีครบทุกรสดังกล่าว,เปรี้ยว|เผ็ด|เค็ม|หวาน
F169,ยำผักกระเฉด,menu,เมนูอาหาร,fire,ธาตุไฟ,ขม|เย็น|จืด,recommended,"เอกสารจัดเป็นตัวอย่างเมนูอาหารสำหรับผู้ที่มีแนวโน้มธาตุไฟ ซึ่งควรเน้นรส ขม, เย็น, จืด",อาหารและสมุนไพรตามธาตุเจ้าเรือน.pdf,5,ธาตุเจ้าเรือน1(1).pdf,7-Jun,โหราเวชศาสตร์ทางการแพทย์แผนไทย (ธาตุเจ้าเรือน).pdf,6,ถอดตามหมวดที่เอกสารจัดไว้; taste_profile เป็นรสที่แนะนำประจำธาตุ ไม่ใช่การยืนยันว่าอาหารรายการนี้มีครบทุกรสดังกล่าว,เปรี้ยว|เผ็ด|เค็ม|หวาน
F170,ผักหนามผัดน้ำมันหอย,menu,เมนูอาหาร,fire,ธาตุไฟ,ขม|เย็น|จืด,recommended,"เอกสารจัดเป็นตัวอย่างเมนูอาหารสำหรับผู้ที่มีแนวโน้มธาตุไฟ ซึ่งควรเน้นรส ขม, เย็น, จืด",อาหารและสมุนไพรตามธาตุเจ้าเรือน.pdf,5,ธาตุเจ้าเรือน1(1).pdf,7-Jun,โหราเวชศาสตร์ทางการแพทย์แผนไทย (ธาตุเจ้าเรือน).pdf,6,ถอดตามหมวดที่เอกสารจัดไว้; taste_profile เป็นรสที่แนะนำประจำธาตุ ไม่ใช่การยืนยันว่าอาหารรายการนี้มีครบทุกรสดังกล่าว,เค็ม|หวาน|มันนัว|ขมอ่อนๆ
F171,ซาหริ่ม,snack,อาหารว่าง,fire,ธาตุไฟ,ขม|เย็น|จืด,recommended,"เอกสารจัดเป็นตัวอย่างอาหารว่างสำหรับผู้ที่มีแนวโน้มธาตุไฟ ซึ่งควรเน้นรส ขม, เย็น, จืด",อาหารและสมุนไพรตามธาตุเจ้าเรือน.pdf,5,ธาตุเจ้าเรือน1(1).pdf,7-Jun,โหราเวชศาสตร์ทางการแพทย์แผนไทย (ธาตุเจ้าเรือน).pdf,6,ถอดตามหมวดที่เอกสารจัดไว้; taste_profile เป็นรสที่แนะนำประจำธาตุ ไม่ใช่การยืนยันว่าอาหารรายการนี้มีครบทุกรสดังกล่าว,หวาน|มัน
F172,ไอศกรีม,snack,อาหารว่าง,fire,ธาตุไฟ,ขม|เย็น|จืด,recommended,"เอกสารจัดเป็นตัวอย่างอาหารว่างสำหรับผู้ที่มีแนวโน้มธาตุไฟ ซึ่งควรเน้นรส ขม, เย็น, จืด",อาหารและสมุนไพรตามธาตุเจ้าเรือน.pdf,5,ธาตุเจ้าเรือน1(1).pdf,7-Jun,โหราเวชศาสตร์ทางการแพทย์แผนไทย (ธาตุเจ้าเรือน).pdf,6,ถอดตามหมวดที่เอกสารจัดไว้; taste_profile เป็นรสที่แนะนำประจำธาตุ ไม่ใช่การยืนยันว่าอาหารรายการนี้มีครบทุกรสดังกล่าว,หวาน|มัน
F173,น้ำแข็งไส,snack,อาหารว่าง,fire,ธาตุไฟ,ขม|เย็น|จืด,recommended,"เอกสารจัดเป็นตัวอย่างอาหารว่างสำหรับผู้ที่มีแนวโน้มธาตุไฟ ซึ่งควรเน้นรส ขม, เย็น, จืด",อาหารและสมุนไพรตามธาตุเจ้าเรือน.pdf,5,ธาตุเจ้าเรือน1(1).pdf,7-Jun,โหราเวชศาสตร์ทางการแพทย์แผนไทย (ธาตุเจ้าเรือน).pdf,6,ถอดตามหมวดที่เอกสารจัดไว้; taste_profile เป็นรสที่แนะนำประจำธาตุ ไม่ใช่การยืนยันว่าอาหารรายการนี้มีครบทุกรสดังกล่าว,หวาน|มันนัว
F174,น้ำแตงโมปั่น,drink,เครื่องดื่ม,fire,ธาตุไฟ,ขม|เย็น|จืด,recommended,"เอกสารจัดเป็นตัวอย่างเครื่องดื่มสำหรับผู้ที่มีแนวโน้มธาตุไฟ ซึ่งควรเน้นรส ขม, เย็น, จืด",อาหารและสมุนไพรตามธาตุเจ้าเรือน.pdf,5,ธาตุเจ้าเรือน1(1).pdf,7-Jun,โหราเวชศาสตร์ทางการแพทย์แผนไทย (ธาตุเจ้าเรือน).pdf,6,ถอดตามหมวดที่เอกสารจัดไว้; taste_profile เป็นรสที่แนะนำประจำธาตุ ไม่ใช่การยืนยันว่าอาหารรายการนี้มีครบทุกรสดังกล่าว,หวาน
F175,น้ำใบเตย,drink,เครื่องดื่ม,fire,ธาตุไฟ,ขม|เย็น|จืด,recommended,"เอกสารจัดเป็นตัวอย่างเครื่องดื่มสำหรับผู้ที่มีแนวโน้มธาตุไฟ ซึ่งควรเน้นรส ขม, เย็น, จืด",อาหารและสมุนไพรตามธาตุเจ้าเรือน.pdf,5,ธาตุเจ้าเรือน1(1).pdf,7-Jun,โหราเวชศาสตร์ทางการแพทย์แผนไทย (ธาตุเจ้าเรือน).pdf,6,ถอดตามหมวดที่เอกสารจัดไว้; taste_profile เป็นรสที่แนะนำประจำธาตุ ไม่ใช่การยืนยันว่าอาหารรายการนี้มีครบทุกรสดังกล่าว,หวานละมุน|จืดมัน
F176,น้ำเก๊กฮวย,drink,เครื่องดื่ม,fire,ธาตุไฟ,ขม|เย็น|จืด,recommended,"เอกสารจัดเป็นตัวอย่างเครื่องดื่มสำหรับผู้ที่มีแนวโน้มธาตุไฟ ซึ่งควรเน้นรส ขม, เย็น, จืด",อาหารและสมุนไพรตามธาตุเจ้าเรือน.pdf,5,ธาตุเจ้าเรือน1(1).pdf,7-Jun,โหราเวชศาสตร์ทางการแพทย์แผนไทย (ธาตุเจ้าเรือน).pdf,6,ถอดตามหมวดที่เอกสารจัดไว้; taste_profile เป็นรสที่แนะนำประจำธาตุ ไม่ใช่การยืนยันว่าอาหารรายการนี้มีครบทุกรสดังกล่าว,หวานละมุน|จืดมันอ่อนๆ
F177,อาหารรสหวานจัด,avoid_rule,ข้อควรหลีกเลี่ยง,fire,ธาตุไฟ,ขม|เย็น|จืด,avoid,ควรหลีกเลี่ยง เนื่องจากการบริโภคอาหารรสหวานจัดในปริมาณมากอาจส่งผลต่อสมดุลของร่างกาย และเพิ่มความเสี่ยงต่อปัญหาสุขภาพเมื่อรับประทานเป็นประจำ ในผู้ที่มีธาตุไฟ,ธาตุเจ้าเรือน1(1).pdf,7-Jun,,,โหราเวชศาสตร์ทางการแพทย์แผนไทย (ธาตุเจ้าเรือน).pdf,6,เป็นข้อควรระวัง/หลีกเลี่ยงระดับกลุ่มอาหาร ไม่ใช่เมนูแนะนำ,หวาน
F178,อาหารรสเผ็ดจัด,avoid_rule,ข้อควรหลีกเลี่ยง,fire,ธาตุไฟ,ขม|เย็น|จืด,avoid,ควรหลีกเลี่ยง เนื่องจากอาจกระตุ้นความร้อนในร่างกาย ทำให้เกิดอาการร้อนใน แสบร้อน หรือระคายเคืองระบบทางเดินอาหารได้ ในผู้ที่มีธาตุไฟ,ธาตุเจ้าเรือน1(1).pdf,7-Jun,,,โหราเวชศาสตร์ทางการแพทย์แผนไทย (ธาตุเจ้าเรือน).pdf,6,เป็นข้อควรระวัง/หลีกเลี่ยงระดับกลุ่มอาหาร ไม่ใช่เมนูแนะนำ,เผ็ด
F179,อาหารรสเปรี้ยวจัด,avoid_rule,ข้อควรหลีกเลี่ยง,fire,ธาตุไฟ,ขม|เย็น|จืด,avoid,ควรหลีกเลี่ยง เนื่องจากอาจกระตุ้นการหลั่งกรดในกระเพาะอาหาร ทำให้เกิดอาการแสบท้องหรือระคายเคืองทางเดินอาหารได้ ในผู้ที่มีธาตุไฟ,ธาตุเจ้าเรือน1(1).pdf,7-Jun,,,โหราเวชศาสตร์ทางการแพทย์แผนไทย (ธาตุเจ้าเรือน).pdf,6,เป็นข้อควรระวัง/หลีกเลี่ยงระดับกลุ่มอาหาร ไม่ใช่เมนูแนะนำ,เปรี้ยว
F180,อาหารรสเค็มจัด,avoid_rule,ข้อควรหลีกเลี่ยง,fire,ธาตุไฟ,ขม|เย็น|จืด,avoid,ควรหลีกเลี่ยง เนื่องจากการบริโภคโซเดียมในปริมาณมากอาจส่งผลต่อสมดุลของของเหลวในร่างกาย และเพิ่มภาระต่อการทำงานของร่างกาย ในผู้ที่มีธาตุไฟ,ธาตุเจ้าเรือน1(1).pdf,7-Jun,,,โหราเวชศาสตร์ทางการแพทย์แผนไทย (ธาตุเจ้าเรือน).pdf,6,เป็นข้อควรระวัง/หลีกเลี่ยงระดับกลุ่มอาหาร ไม่ใช่เมนูแนะนำ,เค็ม
F181,เครื่องดื่มแอลกอฮอล์,avoid_rule,ข้อควรหลีกเลี่ยง,fire,ธาตุไฟ,ขม|เย็น|จืด,avoid,ควรหลีกเลี่ยง เนื่องจากอาจเพิ่มความร้อนในร่างกาย ทำให้เกิดภาวะขาดน้ำ และระคายเคืองต่อระบบทางเดินอาหาร ในผู้ที่มีธาตุไฟ,ธาตุเจ้าเรือน1(1).pdf,7-Jun,,,โหราเวชศาสตร์ทางการแพทย์แผนไทย (ธาตุเจ้าเรือน).pdf,6,เป็นข้อควรระวัง/หลีกเลี่ยงระดับกลุ่มอาหาร ไม่ใช่เมนูแนะนำ,
F182,ชา,avoid_rule,ข้อควรหลีกเลี่ยง,fire,ธาตุไฟ,ขม|เย็น|จืด,avoid,ควรจำกัดการบริโภค โดยเฉพาะชาที่มีคาเฟอีน เนื่องจากอาจกระตุ้นระบบประสาทและเพิ่มความรู้สึกกระสับกระส่ายในบางราย ในผู้ที่มีธาตุไฟ,ธาตุเจ้าเรือน1(1).pdf,7-Jun,,,โหราเวชศาสตร์ทางการแพทย์แผนไทย (ธาตุเจ้าเรือน).pdf,6,เป็นข้อควรระวัง/หลีกเลี่ยงระดับกลุ่มอาหาร ไม่ใช่เมนูแนะนำ,
F183,กาแฟ,avoid_rule,ข้อควรหลีกเลี่ยง,fire,ธาตุไฟ,ขม|เย็น|จืด,avoid,ควรจำกัดการบริโภค เนื่องจากคาเฟอีนอาจกระตุ้นระบบประสาท เพิ่มการหลั่งกรดในกระเพาะอาหาร และทำให้เกิดอาการใจสั่นหรือแสบท้องในบางราย ในผู้ที่มีธาตุไฟ,ธาตุเจ้าเรือน1(1).pdf,7-Jun,,,โหราเวชศาสตร์ทางการแพทย์แผนไทย (ธาตุเจ้าเรือน).pdf,6,เป็นข้อควรระวัง/หลีกเลี่ยงระดับกลุ่มอาหาร ไม่ใช่เมนูแนะนำ,