query_id,user_input,relevant_elements,expected_category,expected_tastes,expected_food_ids
Q001,ธาตุดินควรกินผักรสฝาดอะไร,earth,vegetable_herb,ฝาด,F001|F002|F003|F004|F005|F007|F008
Q002,ธาตุดินมีผลไม้รสหวานอะไร,earth,fruit,หวาน,F020|F022|F023|F024|F026
Q003,ธาตุดินมีเมนูรสเผ็ดอะไร,earth,menu,เผ็ด,F028|F031|F032
Q004,ธาตุดินมีขนมรสหวานอะไร,earth,snack,หวาน,F034|F035|F036|F037|F038
Q005,ธาตุดินมีเครื่องดื่มรสหวานอะไร,earth,drink,หวาน,F039|F040|F041|F042|F044|F045|F046|F048|F049|F050
Q006,ธาตุน้ำควรกินผักรสขมอะไร,water,vegetable_herb,ขม,F053|F054|F061|F062|F063|F064|F065
Q007,ธาตุน้ำมีผลไม้รสเปรี้ยวอะไร,water,fruit,เปรี้ยว,F066|F067|F068|F069|F070|F071|F072|F073
Q008,ธาตุน้ำมีเมนูรสขมอะไร,water,menu,ขม,F074|F075|F077|F078|F079|F080|F082
Q009,ธาตุน้ำมีขนมรสเปรี้ยวอะไร,water,snack,เปรี้ยว,F083|F084|F085|F086|F087
Q010,ธาตุน้ำมีเครื่องดื่มรสเปรี้ยวอะไร,water,drink,เปรี้ยว,F088|F089|F090|F091|F093|F094
Q011,ธาตุลมควรกินผักหรือสมุนไพรรสเผ็ดอะไร,wind,vegetable_herb,เผ็ด,F099|F100|F101|F102|F103|F104|F105|F106|F107|F108|F109|F110|F111|F113|F114|F117|F119
Q012,ธาตุลมมีเมนูรสเผ็ดอะไร,wind,menu,เผ็ด,F121|F122|F123|F125
Q013,ธาตุลมมีขนมรสเผ็ดอะไร,wind,snack,เผ็ด,F126|F127|F129|F130|F131
Q014,ธาตุลมมีเครื่องดื่มรสเผ็ดอะไร,wind,drink,เผ็ด,F132|F133|F134|F135
Q015,ธาตุลมมีสมุนไพรที่มีกลิ่นหอมอะไร,wind,vegetable_herb,หอม,F101|F102|F112|F117|F119
Q016,ธาตุไฟควรกินผักรสขมอะไร,fire,vegetable_herb,ขม,F144|F146|F153
Q017,ธาตุไฟมีผลไม้รสหวานอะไร,fire,fruit,หวาน,F158|F159|F160|F161
Q018,ธาตุไฟมีเมนูรสเผ็ดอะไร,fire,menu,เผ็ด,F162|F164|F165|F166|F168|F169
Q019,ธาตุไฟมีขนมรสหวานอะไร,fire,snack,หวาน,F171|F172|F173
Q020,ธาตุไฟมีเครื่องดื่มรสหวานอะไร,fire,drink,หวาน,F174|F175|F176
Q021,ธาตุไฟและธาตุน้ำมีเมนูรสขมอะไร,fire|water,menu,ขม,F074|F075|F077|F078|F079|F080|F082|F167|F170
Q022,ธาตุดินและธาตุน้ำมีผลไม้รสเปรี้ยวอะไร,earth|water,fruit,เปรี้ยว,F020|F021|F066|F067|F068|F069|F070|F071|F072|F073
Q023,ธาตุลมและธาตุไฟควรกินผักรสเผ็ดอะไร,wind|fire,vegetable_herb,เผ็ด,F099|F100|F101|F102|F103|F104|F105|F106|F107|F108|F109|F110|F111|F113|F114|F117|F119|F141|F144|F157
Q024,ธาตุดินและธาตุลมมีขนมรสหวานอะไร,earth|wind,snack,หวาน,F034|F035|F036|F037|F038|F126|F127|F128|F129|F130|F131
